GCF_002952075.1	Francisellaceae_Francisella_tularensis_GCF_002952075.1
GCF_016602595.1	Francisellaceae_Francisella_tularensis_GCF_016602595.1
GCF_001880245.1	Francisellaceae_Francisella_tularensis_GCF_001880245.1
GCF_016604395.1	Francisellaceae_Francisella_tularensis_GCF_001880245.1
GCA_000524575.1	Francisellaceae_Francisella_tularensis_GCA_000524575.1
GCF_001412545.1	Francisellaceae_Francisella_tularensis_GCF_001412545.1
GCA_030505555.1	Francisellaceae_Francisella_tularensis_GCA_030505555.1
GCA_030505535.1	Francisellaceae_Francisella_tularensis_GCA_030505555.1
GCA_030505575.1	Francisellaceae_Francisella_tularensis_GCA_030505555.1
GCA_030505475.1	Francisellaceae_Francisella_tularensis_GCA_030505475.1
GCA_030489565.1	Francisellaceae_Francisella_tularensis_GCA_030505475.1
GCA_030505455.1	Francisellaceae_Francisella_tularensis_GCA_030505475.1
GCF_004296555.1	Francisellaceae_Francisella_tularensis_GCF_004296555.1
GCF_004213485.1	Francisellaceae_Francisella_tularensis_GCF_004296555.1
GCF_004214305.1	Francisellaceae_Francisella_tularensis_GCF_004296555.1
GCF_001870885.1	Francisellaceae_Francisella_tularensis_GCF_001870885.1
GCF_016604535.1	Francisellaceae_Francisella_tularensis_GCF_016604535.1
GCF_016604325.1	Francisellaceae_Francisella_tularensis_GCF_016604325.1
GCF_000156415.1	Francisellaceae_Francisella_tularensis_GCF_016604325.1
GCF_016602795.1	Francisellaceae_Francisella_tularensis_GCF_016602795.1
GCF_001696945.1	Francisellaceae_Francisella_tularensis_GCF_001696945.1
GCF_016605565.1	Francisellaceae_Francisella_tularensis_GCF_016605565.1
GCF_000154165.1	Francisellaceae_Francisella_tularensis_GCF_000154165.1
GCF_000155535.1	Francisellaceae_Francisella_tularensis_GCF_000155535.1
GCA_016604685.1	Francisellaceae_Francisella_tularensis_GCA_016604685.1
GCF_001865695.1	Francisellaceae_Francisella_tularensis_GCF_001865695.1
GCF_016603825.1	Francisellaceae_Francisella_tularensis_GCF_016603825.1
GCF_016603885.1	Francisellaceae_Francisella_tularensis_GCF_016603825.1
GCF_016603895.1	Francisellaceae_Francisella_tularensis_GCF_016603825.1
GCF_016603905.1	Francisellaceae_Francisella_tularensis_GCF_016603825.1
GCF_016603915.1	Francisellaceae_Francisella_tularensis_GCF_016603825.1
GCF_016603995.1	Francisellaceae_Francisella_tularensis_GCF_016603825.1
GCF_016604105.1	Francisellaceae_Francisella_tularensis_GCF_016603825.1
GCF_016604115.1	Francisellaceae_Francisella_tularensis_GCF_016603825.1
GCF_016604125.1	Francisellaceae_Francisella_tularensis_GCF_016603825.1
GCF_016604165.1	Francisellaceae_Francisella_tularensis_GCF_016603825.1
GCF_002027465.1	Francisellaceae_Francisella_tularensis_GCF_002027465.1
GCF_000154145.1	Francisellaceae_Francisella_tularensis_GCF_000154145.1
GCF_000833715.1	Francisellaceae_Francisella_tularensis_GCF_000833715.1
GCF_019170545.3	Francisellaceae_Francisella_tularensis_GCF_019170545.3
GCF_014905885.1	Francisellaceae_Francisella_tularensis_GCF_014905885.1
GCF_014905905.1	Francisellaceae_Francisella_tularensis_GCF_014905905.1
GCF_001011135.1	Francisellaceae_Francisella_tularensis_GCF_001011135.1
GCF_016600985.1	Francisellaceae_Francisella_tularensis_GCF_016600985.1
GCF_016600945.1	Francisellaceae_Francisella_tularensis_GCF_016600985.1
GCF_016601185.1	Francisellaceae_Francisella_tularensis_GCF_016600985.1
GCF_016605695.1	Francisellaceae_Francisella_tularensis_GCF_016605695.1
GCF_016605465.1	Francisellaceae_Francisella_tularensis_GCF_016605695.1
GCF_016605495.1	Francisellaceae_Francisella_tularensis_GCF_016605695.1
GCF_000742015.1	Francisellaceae_Francisella_tularensis_GCF_000742015.1
GCF_013370485.1	Francisellaceae_Francisella_tularensis_GCF_013370485.1
GCF_001880205.1	Francisellaceae_Francisella_tularensis_GCF_001880205.1
GCF_000742085.1	Francisellaceae_Francisella_tularensis_GCF_000742085.1
GCF_000195535.1	Francisellaceae_Francisella_tularensis_GCF_000195535.1
GCF_026427395.1	Francisellaceae_Francisella_tularensis_GCF_026427395.1
GCF_017089055.1	Francisellaceae_Francisella_tularensis_GCF_017089055.1
GCF_017089035.1	Francisellaceae_Francisella_tularensis_GCF_017089055.1
GCF_017089085.1	Francisellaceae_Francisella_tularensis_GCF_017089055.1
GCF_017089865.1	Francisellaceae_Francisella_tularensis_GCF_017089055.1
GCF_017089925.1	Francisellaceae_Francisella_tularensis_GCF_017089055.1
GCF_017089965.1	Francisellaceae_Francisella_tularensis_GCF_017089055.1
GCF_000313275.1	Francisellaceae_Francisella_tularensis_GCF_000313275.1
GCF_000346525.1	Francisellaceae_Francisella_tularensis_GCF_000346525.1
GCF_000305835.1	Francisellaceae_Francisella_tularensis_GCF_000305835.1
GCF_000305855.1	Francisellaceae_Francisella_tularensis_GCF_000305855.1
GCA_030505495.1	Francisellaceae_Francisella_tularensis_GCA_030505495.1
GCA_000018925.1	Francisellaceae_Francisella_tularensis_GCA_030505495.1
GCA_030489585.1	Francisellaceae_Francisella_tularensis_GCA_030505495.1
GCA_030505515.1	Francisellaceae_Francisella_tularensis_GCA_030505495.1
GCF_016604985.1	Francisellaceae_Francisella_tularensis_GCF_016604985.1
GCA_016604655.1	Francisellaceae_Francisella_tularensis_GCF_016604985.1
GCF_000833165.1	Francisellaceae_Francisella_tularensis_GCF_000833165.1
GCF_000154185.1	Francisellaceae_Francisella_tularensis_GCF_000154185.1
GCF_000834965.1	Francisellaceae_Francisella_tularensis_GCF_000834965.1
GCF_016604385.1	Francisellaceae_Francisella_tularensis_GCF_016604385.1
GCF_016604225.1	Francisellaceae_Francisella_tularensis_GCF_016604385.1
GCF_016604305.1	Francisellaceae_Francisella_tularensis_GCF_016604385.1
GCF_016604315.1	Francisellaceae_Francisella_tularensis_GCF_016604385.1
GCF_016604335.1	Francisellaceae_Francisella_tularensis_GCF_016604385.1
GCF_016604595.1	Francisellaceae_Francisella_tularensis_GCF_016604595.1
GCF_000833375.1	Francisellaceae_Francisella_tularensis_GCF_000833375.1
GCF_000014645.1	Francisellaceae_Francisella_tularensis_GCF_000833375.1
GCF_016603865.1	Francisellaceae_Francisella_tularensis_GCF_016603865.1
GCF_016603965.1	Francisellaceae_Francisella_tularensis_GCF_016603865.1
GCF_009815755.1	Francisellaceae_Francisella_tularensis_GCF_009815755.1
GCF_016600325.1	Francisellaceae_Francisella_tularensis_GCF_009815755.1
GCF_016604525.1	Francisellaceae_Francisella_tularensis_GCF_009815755.1
GCF_009816435.1	Francisellaceae_Francisella_tularensis_GCF_009816435.1
GCF_009815975.1	Francisellaceae_Francisella_tularensis_GCF_009816435.1
GCF_009816055.1	Francisellaceae_Francisella_tularensis_GCF_009816435.1
GCF_009816115.1	Francisellaceae_Francisella_tularensis_GCF_009816435.1
GCF_009939375.1	Francisellaceae_Francisella_tularensis_GCF_009816435.1
GCF_010077955.1	Francisellaceae_Francisella_tularensis_GCF_009816435.1
GCF_002102465.1	Francisellaceae_Francisella_tularensis_GCF_002102465.1
GCF_016602755.1	Francisellaceae_Francisella_tularensis_GCF_016602755.1
GCF_016601385.1	Francisellaceae_Francisella_tularensis_GCF_016602755.1
GCF_002100405.1	Francisellaceae_Francisella_tularensis_GCF_002100405.1
GCF_016601545.1	Francisellaceae_Francisella_tularensis_GCF_016601545.1
GCF_010233165.1	Francisellaceae_Francisella_tularensis_GCF_010233165.1
GCF_000478845.1	Francisellaceae_Francisella_tularensis_GCF_000478845.1
GCF_003955775.1	Francisellaceae_Francisella_tularensis_GCF_003955775.1
GCF_000833235.1	Francisellaceae_Francisella_tularensis_GCF_003955775.1
GCF_010232785.1	Francisellaceae_Francisella_tularensis_GCF_010232785.1
GCF_010232985.1	Francisellaceae_Francisella_tularensis_GCF_010232785.1
GCF_001262115.1	Francisellaceae_Francisella_tularensis_GCF_001262115.1
GCF_000016105.1	Francisellaceae_Francisella_tularensis_GCF_000016105.1
GCF_016600975.1	Francisellaceae_Francisella_tularensis_GCF_016600975.1
GCF_016600955.1	Francisellaceae_Francisella_tularensis_GCF_016600975.1
GCF_016601095.1	Francisellaceae_Francisella_tularensis_GCF_016600975.1
GCF_019134815.1	Francisellaceae_Francisella_tularensis_GCF_019134815.1
GCF_000742095.1	Francisellaceae_Francisella_tularensis_GCF_000742095.1
GCF_022500885.1	Francisellaceae_Francisella_tularensis_GCF_022500885.1
GCF_016600545.1	Francisellaceae_Francisella_tularensis_GCF_016600545.1
GCF_016604445.1	Francisellaceae_Francisella_tularensis_GCF_016600545.1
GCF_021560595.1	Francisellaceae_Francisella_tularensis_GCF_021560595.1
GCF_003797955.1	Francisellaceae_Francisella_tularensis_GCF_021560595.1
GCF_003798065.1	Francisellaceae_Francisella_tularensis_GCF_021560595.1
GCF_021608725.1	Francisellaceae_Francisella_tularensis_GCF_021560595.1
GCF_000380385.1	Francisellaceae_Francisella_tularensis_GCF_000380385.1
GCF_000833355.1	Francisellaceae_Francisella_tularensis_GCF_000833355.1
GCF_000154265.1	Francisellaceae_Francisella_tularensis_GCF_000154265.1
GCF_000155755.1	Francisellaceae_Francisella_tularensis_GCF_000155755.1
GCF_016603795.1	Francisellaceae_Francisella_tularensis_GCF_016603795.1
GCF_016603775.1	Francisellaceae_Francisella_tularensis_GCF_016603795.1
GCF_001696955.1	Francisellaceae_Francisella_tularensis_GCF_001696955.1
GCF_017089745.1	Francisellaceae_Francisella_tularensis_GCF_017089745.1
GCF_001574785.1	Francisellaceae_Francisella_tularensis_GCF_001574785.1
GCF_002102515.1	Francisellaceae_Francisella_tularensis_GCF_002102515.1
GCF_016601595.1	Francisellaceae_Francisella_tularensis_GCF_016601595.1
GCF_000833515.1	Francisellaceae_Francisella_tularensis_GCF_000833515.1
GCF_016602745.1	Francisellaceae_Francisella_tularensis_GCF_016602745.1
GCF_016602575.1	Francisellaceae_Francisella_tularensis_GCF_016602745.1
GCF_016602605.1	Francisellaceae_Francisella_tularensis_GCF_016602745.1
GCF_001044315.2	Francisellaceae_Francisella_tularensis_GCF_001044315.2
GCF_003955815.1	Francisellaceae_Francisella_tularensis_GCF_003955815.1
GCF_019134795.1	Francisellaceae_Francisella_tularensis_GCF_019134795.1
GCF_016603095.1	Francisellaceae_Francisella_tularensis_GCF_016603095.1
GCF_016601305.1	Francisellaceae_Francisella_tularensis_GCF_016601305.1
GCF_016601115.1	Francisellaceae_Francisella_tularensis_GCF_016601115.1
GCF_000380405.1	Francisellaceae_Francisella_tularensis_GCF_000380405.1
GCF_000380425.1	Francisellaceae_Francisella_tularensis_GCF_000380405.1
GCF_000380445.1	Francisellaceae_Francisella_tularensis_GCF_000380405.1
GCF_000305875.1	Francisellaceae_Francisella_tularensis_GCF_000305875.1
GCA_019134715.1	Francisellaceae_Francisella_tularensis_GCA_019134715.1
GCF_019134755.1	Francisellaceae_Francisella_tularensis_GCF_019134755.1
GCF_019469565.1	Francisellaceae_Francisella_tularensis_GCF_019469565.1
GCF_000008985.1	Francisellaceae_Francisella_tularensis_GCF_019469565.1
GCF_000009325.1	Francisellaceae_Francisella_tularensis_GCF_019469565.1
GCF_000023305.1	Francisellaceae_Francisella_tularensis_GCF_019469565.1
GCF_000248415.2	Francisellaceae_Francisella_tularensis_GCF_019469565.1
GCF_000248435.2	Francisellaceae_Francisella_tularensis_GCF_019469565.1
GCF_000628905.1	Francisellaceae_Francisella_tularensis_GCF_019469565.1
GCF_000628925.1	Francisellaceae_Francisella_tularensis_GCF_019469565.1
GCF_000628945.1	Francisellaceae_Francisella_tularensis_GCF_019469565.1
GCF_000628965.1	Francisellaceae_Francisella_tularensis_GCF_019469565.1
GCF_000628985.1	Francisellaceae_Francisella_tularensis_GCF_019469565.1
GCF_000629005.1	Francisellaceae_Francisella_tularensis_GCF_019469565.1
GCF_000833535.1	Francisellaceae_Francisella_tularensis_GCF_019469565.1
GCF_000833555.1	Francisellaceae_Francisella_tularensis_GCF_019469565.1
GCF_000978785.2	Francisellaceae_Francisella_tularensis_GCF_019469565.1
GCF_001267475.1	Francisellaceae_Francisella_tularensis_GCF_019469565.1
GCF_001936015.1	Francisellaceae_Francisella_tularensis_GCF_019469565.1
GCF_002082235.2	Francisellaceae_Francisella_tularensis_GCF_019469565.1
GCF_019134735.1	Francisellaceae_Francisella_tularensis_GCF_019469565.1
GCF_019134775.1	Francisellaceae_Francisella_tularensis_GCF_019469565.1
GCF_019134835.1	Francisellaceae_Francisella_tularensis_GCF_019469565.1
GCF_019137555.1	Francisellaceae_Francisella_tularensis_GCF_019469565.1
GCF_019137575.1	Francisellaceae_Francisella_tularensis_GCF_019469565.1
GCF_019182265.1	Francisellaceae_Francisella_tularensis_GCF_019469565.1
GCF_015666705.1	Francisellaceae_Francisella_tularensis_GCF_015666705.1
GCF_009814215.1	Francisellaceae_Francisella_tularensis_GCF_009814215.1
GCF_016601575.1	Francisellaceae_Francisella_tularensis_GCF_016601575.1
GCF_001574605.1	Francisellaceae_Francisella_tularensis_GCF_001574605.1
GCF_001574705.1	Francisellaceae_Francisella_tularensis_GCF_001574705.1
GCF_001574475.1	Francisellaceae_Francisella_tularensis_GCF_001574705.1
GCF_001574485.1	Francisellaceae_Francisella_tularensis_GCF_001574705.1
GCF_001574495.1	Francisellaceae_Francisella_tularensis_GCF_001574705.1
GCF_001574565.1	Francisellaceae_Francisella_tularensis_GCF_001574705.1
GCF_001574585.1	Francisellaceae_Francisella_tularensis_GCF_001574705.1
GCF_001574755.1	Francisellaceae_Francisella_tularensis_GCF_001574705.1
GCF_001574795.1	Francisellaceae_Francisella_tularensis_GCF_001574705.1
GCF_001574835.1	Francisellaceae_Francisella_tularensis_GCF_001574705.1
GCF_009815945.1	Francisellaceae_Francisella_tularensis_GCF_009815945.1
GCF_009815905.1	Francisellaceae_Francisella_tularensis_GCF_009815945.1
GCF_016602315.1	Francisellaceae_Francisella_tularensis_GCF_009815945.1
GCF_016602385.1	Francisellaceae_Francisella_tularensis_GCF_009815945.1
GCF_000014605.1	Francisellaceae_Francisella_tularensis_GCF_000014605.1
GCF_000011405.1	Francisellaceae_Francisella_tularensis_GCF_000014605.1
GCF_000833495.1	Francisellaceae_Francisella_tularensis_GCF_000833495.1
GCF_003955795.1	Francisellaceae_Francisella_tularensis_GCF_000833495.1
GCF_014672895.1	Francisellaceae_Francisella_tularensis_GCF_014672895.1
GCF_014672905.1	Francisellaceae_Francisella_tularensis_GCF_014672895.1
GCF_014672945.1	Francisellaceae_Francisella_tularensis_GCF_014672895.1
GCF_014673115.1	Francisellaceae_Francisella_tularensis_GCF_014672895.1
GCF_014673135.1	Francisellaceae_Francisella_tularensis_GCF_014672895.1
GCF_014673155.1	Francisellaceae_Francisella_tularensis_GCF_014672895.1
GCF_016601335.1	Francisellaceae_Francisella_tularensis_GCF_014672895.1
GCF_016602455.1	Francisellaceae_Francisella_tularensis_GCF_014672895.1
GCF_016602475.1	Francisellaceae_Francisella_tularensis_GCF_014672895.1
GCF_016602485.1	Francisellaceae_Francisella_tularensis_GCF_014672895.1
GCF_016602525.1	Francisellaceae_Francisella_tularensis_GCF_014672895.1
GCF_016602545.1	Francisellaceae_Francisella_tularensis_GCF_014672895.1
GCF_016602565.1	Francisellaceae_Francisella_tularensis_GCF_014672895.1
GCF_016602955.1	Francisellaceae_Francisella_tularensis_GCF_014672895.1
GCF_016602965.1	Francisellaceae_Francisella_tularensis_GCF_014672895.1
GCF_016602985.1	Francisellaceae_Francisella_tularensis_GCF_014672895.1
GCF_016603115.1	Francisellaceae_Francisella_tularensis_GCF_014672895.1
GCF_016603015.1	Francisellaceae_Francisella_tularensis_GCF_016603015.1
GCA_015666825.2	Francisellaceae_Francisella_tularensis_GCA_015666825.2
GCF_019469525.1	Francisellaceae_Francisella_tularensis_GCF_019469525.1
GCF_001574635.1	Francisellaceae_Francisella_tularensis_GCF_001574635.1
GCF_016602085.1	Francisellaceae_Francisella_tularensis_GCF_016602085.1
GCF_004214255.1	Francisellaceae_Francisella_tularensis_GCF_016602085.1
GCF_009815615.1	Francisellaceae_Francisella_tularensis_GCF_016602085.1
GCF_000305895.1	Francisellaceae_Francisella_tularensis_GCF_000305895.1
GCF_000305915.1	Francisellaceae_Francisella_tularensis_GCF_000305915.1
GCF_009815735.1	Francisellaceae_Francisella_tularensis_GCF_009815735.1
GCF_016604735.1	Francisellaceae_Francisella_tularensis_GCF_016604735.1
GCF_000741935.1	Francisellaceae_Francisella_tularensis_GCF_000741935.1
GCF_003798025.1	Francisellaceae_Francisella_tularensis_GCF_003798025.1
GCA_000746455.1	Francisellaceae_Francisella_tularensis_GCA_000746455.1
GCF_016605575.1	Francisellaceae_Francisella_tularensis_GCF_016605575.1
GCF_017089235.1	Francisellaceae_Francisella_tularensis_GCF_017089235.1
GCF_016601485.1	Francisellaceae_Francisella_tularensis_GCF_016601485.1
GCA_000807905.1	Francisellaceae_Francisella_tularensis_GCA_000807905.1
GCF_003122155.1	Francisellaceae_Francisella_tularensis_GCF_003122155.1
GCF_016600345.1	Francisellaceae_Francisella_tularensis_GCF_016600345.1
GCF_016605475.1	Francisellaceae_Francisella_tularensis_GCF_016605475.1
GCF_016600965.1	Francisellaceae_Francisella_tularensis_GCF_016600965.1
GCF_016601195.1	Francisellaceae_Francisella_tularensis_GCF_016600965.1
GCF_016601205.1	Francisellaceae_Francisella_tularensis_GCF_016600965.1
GCF_016604555.1	Francisellaceae_Francisella_tularensis_GCF_016604555.1
GCF_000833475.1	Francisellaceae_Francisella_tularensis_GCF_000833475.1
GCF_016604585.1	Francisellaceae_Francisella_tularensis_GCF_016604585.1
GCF_016600525.1	Francisellaceae_Francisella_tularensis_GCF_016600525.1
GCF_000742155.1	Francisellaceae_Francisella_tularensis_GCF_000742155.1
GCA_022500855.1	Francisellaceae_Francisella_tularensis_GCA_022500855.1
GCF_022500845.1	Francisellaceae_Francisella_tularensis_GCF_022500845.1
GCF_001574655.1	Francisellaceae_Francisella_tularensis_GCF_001574655.1
GCF_001574735.1	Francisellaceae_Francisella_tularensis_GCF_001574655.1
GCF_009815995.1	Francisellaceae_Francisella_tularensis_GCF_009815995.1
GCF_009815495.1	Francisellaceae_Francisella_tularensis_GCF_009815995.1
GCF_009815635.1	Francisellaceae_Francisella_tularensis_GCF_009815995.1
GCF_009815645.1	Francisellaceae_Francisella_tularensis_GCF_009815995.1
GCF_009815685.1	Francisellaceae_Francisella_tularensis_GCF_009815995.1
GCF_009815845.1	Francisellaceae_Francisella_tularensis_GCF_009815995.1
GCF_009815885.1	Francisellaceae_Francisella_tularensis_GCF_009815995.1
GCF_009815935.1	Francisellaceae_Francisella_tularensis_GCF_009815995.1
GCF_009815985.1	Francisellaceae_Francisella_tularensis_GCF_009815995.1
GCF_009816035.1	Francisellaceae_Francisella_tularensis_GCF_009815995.1
GCF_009816045.1	Francisellaceae_Francisella_tularensis_GCF_009815995.1
GCF_009816065.1	Francisellaceae_Francisella_tularensis_GCF_009815995.1
GCF_009816135.1	Francisellaceae_Francisella_tularensis_GCF_009815995.1
GCF_009816145.1	Francisellaceae_Francisella_tularensis_GCF_009815995.1
GCF_009816155.1	Francisellaceae_Francisella_tularensis_GCF_009815995.1
GCF_009816175.1	Francisellaceae_Francisella_tularensis_GCF_009815995.1
GCF_009816195.1	Francisellaceae_Francisella_tularensis_GCF_009815995.1
GCF_009816235.1	Francisellaceae_Francisella_tularensis_GCF_009815995.1
GCF_009819295.1	Francisellaceae_Francisella_tularensis_GCF_009815995.1
GCF_016601655.1	Francisellaceae_Francisella_tularensis_GCF_009815995.1
GCF_016601675.1	Francisellaceae_Francisella_tularensis_GCF_009815995.1
GCF_016601745.1	Francisellaceae_Francisella_tularensis_GCF_009815995.1
GCF_016601945.1	Francisellaceae_Francisella_tularensis_GCF_009815995.1
GCF_016601955.1	Francisellaceae_Francisella_tularensis_GCF_009815995.1
GCF_016601975.1	Francisellaceae_Francisella_tularensis_GCF_009815995.1
GCF_016601995.1	Francisellaceae_Francisella_tularensis_GCF_009815995.1
GCF_016602005.1	Francisellaceae_Francisella_tularensis_GCF_009815995.1
GCF_016602045.1	Francisellaceae_Francisella_tularensis_GCF_009815995.1
GCF_016602055.1	Francisellaceae_Francisella_tularensis_GCF_009815995.1
GCF_016602065.1	Francisellaceae_Francisella_tularensis_GCF_009815995.1
GCF_016602075.1	Francisellaceae_Francisella_tularensis_GCF_009815995.1
GCF_016602145.1	Francisellaceae_Francisella_tularensis_GCF_009815995.1
GCF_016602155.1	Francisellaceae_Francisella_tularensis_GCF_009815995.1
GCF_016602175.1	Francisellaceae_Francisella_tularensis_GCF_009815995.1
GCF_016602185.1	Francisellaceae_Francisella_tularensis_GCF_009815995.1
GCF_016602195.1	Francisellaceae_Francisella_tularensis_GCF_009815995.1
GCF_016602245.1	Francisellaceae_Francisella_tularensis_GCF_009815995.1
GCF_016602255.1	Francisellaceae_Francisella_tularensis_GCF_009815995.1
GCF_016602305.1	Francisellaceae_Francisella_tularensis_GCF_009815995.1
GCF_016602345.1	Francisellaceae_Francisella_tularensis_GCF_009815995.1
GCF_016602355.1	Francisellaceae_Francisella_tularensis_GCF_009815995.1
GCF_016602395.1	Francisellaceae_Francisella_tularensis_GCF_009815995.1
GCF_016602415.1	Francisellaceae_Francisella_tularensis_GCF_009815995.1
GCF_017089005.1	Francisellaceae_Francisella_tularensis_GCF_009815995.1
GCF_017089125.1	Francisellaceae_Francisella_tularensis_GCF_009815995.1
GCF_017089175.1	Francisellaceae_Francisella_tularensis_GCF_009815995.1
GCF_017089275.1	Francisellaceae_Francisella_tularensis_GCF_009815995.1
GCF_017089585.1	Francisellaceae_Francisella_tularensis_GCF_009815995.1
GCF_017089755.1	Francisellaceae_Francisella_tularensis_GCF_009815995.1
GCF_017089785.1	Francisellaceae_Francisella_tularensis_GCF_009815995.1
GCF_017090005.1	Francisellaceae_Francisella_tularensis_GCF_009815995.1
GCF_017312225.1	Francisellaceae_Francisella_tularensis_GCF_009815995.1
GCF_020073785.1	Francisellaceae_Francisella_tularensis_GCF_009815995.1
GCF_001574855.1	Francisellaceae_Francisella_tularensis_GCF_001574855.1
GCF_002857605.1	Francisellaceae_Francisella_tularensis_GCF_002857605.1
GCF_002857445.1	Francisellaceae_Francisella_tularensis_GCF_002857605.1
GCF_002857505.1	Francisellaceae_Francisella_tularensis_GCF_002857605.1
GCF_002857515.1	Francisellaceae_Francisella_tularensis_GCF_002857605.1
GCF_002857545.1	Francisellaceae_Francisella_tularensis_GCF_002857605.1
GCF_002857625.1	Francisellaceae_Francisella_tularensis_GCF_002857605.1
GCF_002857635.1	Francisellaceae_Francisella_tularensis_GCF_002857605.1
GCF_002857665.1	Francisellaceae_Francisella_tularensis_GCF_002857605.1
GCF_002857685.1	Francisellaceae_Francisella_tularensis_GCF_002857605.1
GCF_002857705.1	Francisellaceae_Francisella_tularensis_GCF_002857605.1
GCF_002857715.1	Francisellaceae_Francisella_tularensis_GCF_002857605.1
GCF_002857745.1	Francisellaceae_Francisella_tularensis_GCF_002857605.1
GCF_002857815.1	Francisellaceae_Francisella_tularensis_GCF_002857605.1
GCF_002857845.1	Francisellaceae_Francisella_tularensis_GCF_002857605.1
GCF_002857865.1	Francisellaceae_Francisella_tularensis_GCF_002857605.1
GCF_002857875.1	Francisellaceae_Francisella_tularensis_GCF_002857605.1
GCF_002857905.1	Francisellaceae_Francisella_tularensis_GCF_002857605.1
GCF_002857915.1	Francisellaceae_Francisella_tularensis_GCF_002857605.1
GCF_002857945.1	Francisellaceae_Francisella_tularensis_GCF_002857605.1
GCF_002857955.1	Francisellaceae_Francisella_tularensis_GCF_002857605.1
GCF_002857985.1	Francisellaceae_Francisella_tularensis_GCF_002857605.1
GCF_002858005.1	Francisellaceae_Francisella_tularensis_GCF_002857605.1
GCF_002858015.1	Francisellaceae_Francisella_tularensis_GCF_002857605.1
GCF_002858045.1	Francisellaceae_Francisella_tularensis_GCF_002857605.1
GCF_002858065.1	Francisellaceae_Francisella_tularensis_GCF_002857605.1
GCF_002858075.1	Francisellaceae_Francisella_tularensis_GCF_002857605.1
GCF_002858115.1	Francisellaceae_Francisella_tularensis_GCF_002857605.1
GCF_002858145.1	Francisellaceae_Francisella_tularensis_GCF_002857605.1
GCF_002858185.1	Francisellaceae_Francisella_tularensis_GCF_002857605.1
GCF_002858205.1	Francisellaceae_Francisella_tularensis_GCF_002857605.1
GCF_002858215.1	Francisellaceae_Francisella_tularensis_GCF_002857605.1
GCF_002858245.1	Francisellaceae_Francisella_tularensis_GCF_002857605.1
GCF_002858285.1	Francisellaceae_Francisella_tularensis_GCF_002857605.1
GCF_002858425.1	Francisellaceae_Francisella_tularensis_GCF_002858425.1
GCF_002857425.1	Francisellaceae_Francisella_tularensis_GCF_002858425.1
GCF_002857475.1	Francisellaceae_Francisella_tularensis_GCF_002858425.1
GCF_002857765.1	Francisellaceae_Francisella_tularensis_GCF_002858425.1
GCF_002857785.1	Francisellaceae_Francisella_tularensis_GCF_002858425.1
GCF_002857805.1	Francisellaceae_Francisella_tularensis_GCF_002858425.1
GCF_002858265.1	Francisellaceae_Francisella_tularensis_GCF_002858425.1
GCF_002858305.1	Francisellaceae_Francisella_tularensis_GCF_002858425.1
GCF_002858315.1	Francisellaceae_Francisella_tularensis_GCF_002858425.1
GCF_002858345.1	Francisellaceae_Francisella_tularensis_GCF_002858425.1
GCF_002858385.1	Francisellaceae_Francisella_tularensis_GCF_002858425.1
GCF_002858405.1	Francisellaceae_Francisella_tularensis_GCF_002858425.1
GCF_002858505.1	Francisellaceae_Francisella_tularensis_GCF_002858425.1
GCF_009812495.1	Francisellaceae_Francisella_tularensis_GCF_002858425.1
GCF_009812505.1	Francisellaceae_Francisella_tularensis_GCF_002858425.1
GCF_009812515.1	Francisellaceae_Francisella_tularensis_GCF_002858425.1
GCF_009812525.1	Francisellaceae_Francisella_tularensis_GCF_002858425.1
GCF_009812535.1	Francisellaceae_Francisella_tularensis_GCF_002858425.1
GCF_009812595.1	Francisellaceae_Francisella_tularensis_GCF_002858425.1
GCF_009812615.1	Francisellaceae_Francisella_tularensis_GCF_002858425.1
GCF_009812645.1	Francisellaceae_Francisella_tularensis_GCF_002858425.1
GCF_009812935.1	Francisellaceae_Francisella_tularensis_GCF_002858425.1
GCF_009812985.1	Francisellaceae_Francisella_tularensis_GCF_002858425.1
GCF_009813065.1	Francisellaceae_Francisella_tularensis_GCF_002858425.1
GCF_009813095.1	Francisellaceae_Francisella_tularensis_GCF_002858425.1
GCF_009813145.1	Francisellaceae_Francisella_tularensis_GCF_002858425.1
GCF_009813175.1	Francisellaceae_Francisella_tularensis_GCF_002858425.1
GCF_009813235.1	Francisellaceae_Francisella_tularensis_GCF_002858425.1
GCF_009813275.1	Francisellaceae_Francisella_tularensis_GCF_002858425.1
GCF_009813285.1	Francisellaceae_Francisella_tularensis_GCF_002858425.1
GCF_009813335.1	Francisellaceae_Francisella_tularensis_GCF_002858425.1
GCF_009813385.1	Francisellaceae_Francisella_tularensis_GCF_002858425.1
GCF_009813395.1	Francisellaceae_Francisella_tularensis_GCF_002858425.1
GCF_009813425.1	Francisellaceae_Francisella_tularensis_GCF_002858425.1
GCF_009813455.1	Francisellaceae_Francisella_tularensis_GCF_002858425.1
GCF_009813475.1	Francisellaceae_Francisella_tularensis_GCF_002858425.1
GCF_009813485.1	Francisellaceae_Francisella_tularensis_GCF_002858425.1
GCF_009813495.1	Francisellaceae_Francisella_tularensis_GCF_002858425.1
GCF_009813525.1	Francisellaceae_Francisella_tularensis_GCF_002858425.1
GCF_009813555.1	Francisellaceae_Francisella_tularensis_GCF_002858425.1
GCF_009813575.1	Francisellaceae_Francisella_tularensis_GCF_002858425.1
GCF_009813595.1	Francisellaceae_Francisella_tularensis_GCF_002858425.1
GCF_009813615.1	Francisellaceae_Francisella_tularensis_GCF_002858425.1
GCF_009813625.1	Francisellaceae_Francisella_tularensis_GCF_002858425.1
GCF_009813655.1	Francisellaceae_Francisella_tularensis_GCF_002858425.1
GCF_009813665.1	Francisellaceae_Francisella_tularensis_GCF_002858425.1
GCF_009813695.1	Francisellaceae_Francisella_tularensis_GCF_002858425.1
GCF_009813755.1	Francisellaceae_Francisella_tularensis_GCF_002858425.1
GCF_009813795.1	Francisellaceae_Francisella_tularensis_GCF_002858425.1
GCF_009813835.1	Francisellaceae_Francisella_tularensis_GCF_002858425.1
GCF_009813845.1	Francisellaceae_Francisella_tularensis_GCF_002858425.1
GCF_009813875.1	Francisellaceae_Francisella_tularensis_GCF_002858425.1
GCF_009813895.1	Francisellaceae_Francisella_tularensis_GCF_002858425.1
GCF_009813915.1	Francisellaceae_Francisella_tularensis_GCF_002858425.1
GCF_009813935.1	Francisellaceae_Francisella_tularensis_GCF_002858425.1
GCF_009813945.1	Francisellaceae_Francisella_tularensis_GCF_002858425.1
GCF_009813955.1	Francisellaceae_Francisella_tularensis_GCF_002858425.1
GCF_009813995.1	Francisellaceae_Francisella_tularensis_GCF_002858425.1
GCF_009814015.1	Francisellaceae_Francisella_tularensis_GCF_002858425.1
GCF_009814025.1	Francisellaceae_Francisella_tularensis_GCF_002858425.1
GCF_009814045.1	Francisellaceae_Francisella_tularensis_GCF_002858425.1
GCF_009814065.1	Francisellaceae_Francisella_tularensis_GCF_002858425.1
GCF_009814095.1	Francisellaceae_Francisella_tularensis_GCF_002858425.1
GCF_009814115.1	Francisellaceae_Francisella_tularensis_GCF_002858425.1
GCF_009814125.1	Francisellaceae_Francisella_tularensis_GCF_002858425.1
GCF_009814175.1	Francisellaceae_Francisella_tularensis_GCF_002858425.1
GCF_009814195.1	Francisellaceae_Francisella_tularensis_GCF_002858425.1
GCF_009814235.1	Francisellaceae_Francisella_tularensis_GCF_002858425.1
GCF_009814275.1	Francisellaceae_Francisella_tularensis_GCF_002858425.1
GCF_009814285.1	Francisellaceae_Francisella_tularensis_GCF_002858425.1
GCF_009814315.1	Francisellaceae_Francisella_tularensis_GCF_002858425.1
GCF_009814325.1	Francisellaceae_Francisella_tularensis_GCF_002858425.1
GCF_009814345.1	Francisellaceae_Francisella_tularensis_GCF_002858425.1
GCF_009814375.1	Francisellaceae_Francisella_tularensis_GCF_002858425.1
GCF_009814415.1	Francisellaceae_Francisella_tularensis_GCF_002858425.1
GCF_009814425.1	Francisellaceae_Francisella_tularensis_GCF_002858425.1
GCF_009814445.1	Francisellaceae_Francisella_tularensis_GCF_002858425.1
GCF_009814475.1	Francisellaceae_Francisella_tularensis_GCF_002858425.1
GCF_009814485.1	Francisellaceae_Francisella_tularensis_GCF_002858425.1
GCF_009814515.1	Francisellaceae_Francisella_tularensis_GCF_002858425.1
GCF_009814525.1	Francisellaceae_Francisella_tularensis_GCF_002858425.1
GCF_009814545.1	Francisellaceae_Francisella_tularensis_GCF_002858425.1
GCF_009814565.1	Francisellaceae_Francisella_tularensis_GCF_002858425.1
GCF_009814595.1	Francisellaceae_Francisella_tularensis_GCF_002858425.1
GCF_009814615.1	Francisellaceae_Francisella_tularensis_GCF_002858425.1
GCF_009814635.1	Francisellaceae_Francisella_tularensis_GCF_002858425.1
GCF_009814645.1	Francisellaceae_Francisella_tularensis_GCF_002858425.1
GCF_009814715.1	Francisellaceae_Francisella_tularensis_GCF_002858425.1
GCF_009814745.1	Francisellaceae_Francisella_tularensis_GCF_002858425.1
GCF_009814775.1	Francisellaceae_Francisella_tularensis_GCF_002858425.1
GCF_009814785.1	Francisellaceae_Francisella_tularensis_GCF_002858425.1
GCF_009814815.1	Francisellaceae_Francisella_tularensis_GCF_002858425.1
GCF_009814835.1	Francisellaceae_Francisella_tularensis_GCF_002858425.1
GCF_009814845.1	Francisellaceae_Francisella_tularensis_GCF_002858425.1
GCF_009814865.1	Francisellaceae_Francisella_tularensis_GCF_002858425.1
GCF_009814885.1	Francisellaceae_Francisella_tularensis_GCF_002858425.1
GCF_009814915.1	Francisellaceae_Francisella_tularensis_GCF_002858425.1
GCF_009814935.1	Francisellaceae_Francisella_tularensis_GCF_002858425.1
GCF_009814955.1	Francisellaceae_Francisella_tularensis_GCF_002858425.1
GCF_009814965.1	Francisellaceae_Francisella_tularensis_GCF_002858425.1
GCF_009814975.1	Francisellaceae_Francisella_tularensis_GCF_002858425.1
GCF_009815015.1	Francisellaceae_Francisella_tularensis_GCF_002858425.1
GCF_009815035.1	Francisellaceae_Francisella_tularensis_GCF_002858425.1
GCF_009815045.1	Francisellaceae_Francisella_tularensis_GCF_002858425.1
GCF_009815065.1	Francisellaceae_Francisella_tularensis_GCF_002858425.1
GCF_009815095.1	Francisellaceae_Francisella_tularensis_GCF_002858425.1
GCF_009815105.1	Francisellaceae_Francisella_tularensis_GCF_002858425.1
GCF_009815135.1	Francisellaceae_Francisella_tularensis_GCF_002858425.1
GCF_009815155.1	Francisellaceae_Francisella_tularensis_GCF_002858425.1
GCF_009815195.1	Francisellaceae_Francisella_tularensis_GCF_002858425.1
GCF_009815205.1	Francisellaceae_Francisella_tularensis_GCF_002858425.1
GCF_009815255.1	Francisellaceae_Francisella_tularensis_GCF_002858425.1
GCF_009815265.1	Francisellaceae_Francisella_tularensis_GCF_002858425.1
GCF_009815295.1	Francisellaceae_Francisella_tularensis_GCF_002858425.1
GCF_009815315.1	Francisellaceae_Francisella_tularensis_GCF_002858425.1
GCF_009815345.1	Francisellaceae_Francisella_tularensis_GCF_002858425.1
GCF_009815355.1	Francisellaceae_Francisella_tularensis_GCF_002858425.1
GCF_009815365.1	Francisellaceae_Francisella_tularensis_GCF_002858425.1
GCF_009815385.1	Francisellaceae_Francisella_tularensis_GCF_002858425.1
GCF_009815435.1	Francisellaceae_Francisella_tularensis_GCF_002858425.1
GCF_009815445.1	Francisellaceae_Francisella_tularensis_GCF_002858425.1
GCF_009815505.1	Francisellaceae_Francisella_tularensis_GCF_002858425.1
GCF_009815535.1	Francisellaceae_Francisella_tularensis_GCF_002858425.1
GCF_009815545.1	Francisellaceae_Francisella_tularensis_GCF_002858425.1
GCF_009815575.1	Francisellaceae_Francisella_tularensis_GCF_002858425.1
GCF_009815585.1	Francisellaceae_Francisella_tularensis_GCF_002858425.1
GCF_009815675.1	Francisellaceae_Francisella_tularensis_GCF_002858425.1
GCF_009815695.1	Francisellaceae_Francisella_tularensis_GCF_002858425.1
GCF_009815795.1	Francisellaceae_Francisella_tularensis_GCF_002858425.1
GCF_009815805.1	Francisellaceae_Francisella_tularensis_GCF_002858425.1
GCF_009815835.1	Francisellaceae_Francisella_tularensis_GCF_002858425.1
GCF_009815875.1	Francisellaceae_Francisella_tularensis_GCF_002858425.1
GCF_009816245.1	Francisellaceae_Francisella_tularensis_GCF_002858425.1
GCF_009816275.1	Francisellaceae_Francisella_tularensis_GCF_002858425.1
GCF_009816285.1	Francisellaceae_Francisella_tularensis_GCF_002858425.1
GCF_009816295.1	Francisellaceae_Francisella_tularensis_GCF_002858425.1
GCF_009816335.1	Francisellaceae_Francisella_tularensis_GCF_002858425.1
GCF_009816355.1	Francisellaceae_Francisella_tularensis_GCF_002858425.1
GCF_009816365.1	Francisellaceae_Francisella_tularensis_GCF_002858425.1
GCF_009816395.1	Francisellaceae_Francisella_tularensis_GCF_002858425.1
GCF_009816405.1	Francisellaceae_Francisella_tularensis_GCF_002858425.1
GCF_009816455.1	Francisellaceae_Francisella_tularensis_GCF_002858425.1
GCF_009816465.1	Francisellaceae_Francisella_tularensis_GCF_002858425.1
GCF_009816485.1	Francisellaceae_Francisella_tularensis_GCF_002858425.1
GCF_009816515.1	Francisellaceae_Francisella_tularensis_GCF_002858425.1
GCF_009816535.1	Francisellaceae_Francisella_tularensis_GCF_002858425.1
GCF_009816545.1	Francisellaceae_Francisella_tularensis_GCF_002858425.1
GCF_009816565.1	Francisellaceae_Francisella_tularensis_GCF_002858425.1
GCF_009816595.1	Francisellaceae_Francisella_tularensis_GCF_002858425.1
GCF_009816615.1	Francisellaceae_Francisella_tularensis_GCF_002858425.1
GCF_009816635.1	Francisellaceae_Francisella_tularensis_GCF_002858425.1
GCF_009816655.1	Francisellaceae_Francisella_tularensis_GCF_002858425.1
GCF_009816665.1	Francisellaceae_Francisella_tularensis_GCF_002858425.1
GCF_009816695.1	Francisellaceae_Francisella_tularensis_GCF_002858425.1
GCF_009816715.1	Francisellaceae_Francisella_tularensis_GCF_002858425.1
GCF_009816735.1	Francisellaceae_Francisella_tularensis_GCF_002858425.1
GCF_009816745.1	Francisellaceae_Francisella_tularensis_GCF_002858425.1
GCF_009816775.1	Francisellaceae_Francisella_tularensis_GCF_002858425.1
GCF_009816785.1	Francisellaceae_Francisella_tularensis_GCF_002858425.1
GCF_009816795.1	Francisellaceae_Francisella_tularensis_GCF_002858425.1
GCF_009816835.1	Francisellaceae_Francisella_tularensis_GCF_002858425.1
GCF_009816845.1	Francisellaceae_Francisella_tularensis_GCF_002858425.1
GCF_009816875.1	Francisellaceae_Francisella_tularensis_GCF_002858425.1
GCF_009816885.1	Francisellaceae_Francisella_tularensis_GCF_002858425.1
GCF_009816895.1	Francisellaceae_Francisella_tularensis_GCF_002858425.1
GCF_009816935.1	Francisellaceae_Francisella_tularensis_GCF_002858425.1
GCF_009816945.1	Francisellaceae_Francisella_tularensis_GCF_002858425.1
GCF_009816975.1	Francisellaceae_Francisella_tularensis_GCF_002858425.1
GCF_009816995.1	Francisellaceae_Francisella_tularensis_GCF_002858425.1
GCF_009817005.1	Francisellaceae_Francisella_tularensis_GCF_002858425.1
GCF_009817035.1	Francisellaceae_Francisella_tularensis_GCF_002858425.1
GCF_009817055.1	Francisellaceae_Francisella_tularensis_GCF_002858425.1
GCF_009817065.1	Francisellaceae_Francisella_tularensis_GCF_002858425.1
GCF_009817095.1	Francisellaceae_Francisella_tularensis_GCF_002858425.1
GCF_009817105.1	Francisellaceae_Francisella_tularensis_GCF_002858425.1
GCF_009817115.1	Francisellaceae_Francisella_tularensis_GCF_002858425.1
GCF_009817155.1	Francisellaceae_Francisella_tularensis_GCF_002858425.1
GCF_009817175.1	Francisellaceae_Francisella_tularensis_GCF_002858425.1
GCF_009817195.1	Francisellaceae_Francisella_tularensis_GCF_002858425.1
GCF_009817205.1	Francisellaceae_Francisella_tularensis_GCF_002858425.1
GCF_009817215.1	Francisellaceae_Francisella_tularensis_GCF_002858425.1
GCF_009817225.1	Francisellaceae_Francisella_tularensis_GCF_002858425.1
GCF_009817265.1	Francisellaceae_Francisella_tularensis_GCF_002858425.1
GCF_009817295.1	Francisellaceae_Francisella_tularensis_GCF_002858425.1
GCF_009817305.1	Francisellaceae_Francisella_tularensis_GCF_002858425.1
GCF_009817315.1	Francisellaceae_Francisella_tularensis_GCF_002858425.1
GCF_009817335.1	Francisellaceae_Francisella_tularensis_GCF_002858425.1
GCF_009817375.1	Francisellaceae_Francisella_tularensis_GCF_002858425.1
GCF_009817395.1	Francisellaceae_Francisella_tularensis_GCF_002858425.1
GCF_009817405.1	Francisellaceae_Francisella_tularensis_GCF_002858425.1
GCF_009817425.1	Francisellaceae_Francisella_tularensis_GCF_002858425.1
GCF_009817475.1	Francisellaceae_Francisella_tularensis_GCF_002858425.1
GCF_009817495.1	Francisellaceae_Francisella_tularensis_GCF_002858425.1
GCF_009817515.1	Francisellaceae_Francisella_tularensis_GCF_002858425.1
GCF_009817525.1	Francisellaceae_Francisella_tularensis_GCF_002858425.1
GCF_009817545.1	Francisellaceae_Francisella_tularensis_GCF_002858425.1
GCF_009817565.1	Francisellaceae_Francisella_tularensis_GCF_002858425.1
GCF_009817595.1	Francisellaceae_Francisella_tularensis_GCF_002858425.1
GCF_009817605.1	Francisellaceae_Francisella_tularensis_GCF_002858425.1
GCF_009817615.1	Francisellaceae_Francisella_tularensis_GCF_002858425.1
GCF_009817655.1	Francisellaceae_Francisella_tularensis_GCF_002858425.1
GCF_009817665.1	Francisellaceae_Francisella_tularensis_GCF_002858425.1
GCF_009817695.1	Francisellaceae_Francisella_tularensis_GCF_002858425.1
GCF_009817715.1	Francisellaceae_Francisella_tularensis_GCF_002858425.1
GCF_009817725.1	Francisellaceae_Francisella_tularensis_GCF_002858425.1
GCF_009817735.1	Francisellaceae_Francisella_tularensis_GCF_002858425.1
GCF_009817745.1	Francisellaceae_Francisella_tularensis_GCF_002858425.1
GCF_009817795.1	Francisellaceae_Francisella_tularensis_GCF_002858425.1
GCF_009817815.1	Francisellaceae_Francisella_tularensis_GCF_002858425.1
GCF_009817835.1	Francisellaceae_Francisella_tularensis_GCF_002858425.1
GCF_009817845.1	Francisellaceae_Francisella_tularensis_GCF_002858425.1
GCF_009817875.1	Francisellaceae_Francisella_tularensis_GCF_002858425.1
GCF_009817915.1	Francisellaceae_Francisella_tularensis_GCF_002858425.1
GCF_009817935.1	Francisellaceae_Francisella_tularensis_GCF_002858425.1
GCF_009817955.1	Francisellaceae_Francisella_tularensis_GCF_002858425.1
GCF_009817965.1	Francisellaceae_Francisella_tularensis_GCF_002858425.1
GCF_009817975.1	Francisellaceae_Francisella_tularensis_GCF_002858425.1
GCF_009817985.1	Francisellaceae_Francisella_tularensis_GCF_002858425.1
GCF_009818035.1	Francisellaceae_Francisella_tularensis_GCF_002858425.1
GCF_009818055.1	Francisellaceae_Francisella_tularensis_GCF_002858425.1
GCF_009818065.1	Francisellaceae_Francisella_tularensis_GCF_002858425.1
GCF_009818075.1	Francisellaceae_Francisella_tularensis_GCF_002858425.1
GCF_009818085.1	Francisellaceae_Francisella_tularensis_GCF_002858425.1
GCF_009818155.1	Francisellaceae_Francisella_tularensis_GCF_002858425.1
GCF_009818165.1	Francisellaceae_Francisella_tularensis_GCF_002858425.1
GCF_009818175.1	Francisellaceae_Francisella_tularensis_GCF_002858425.1
GCF_009818215.1	Francisellaceae_Francisella_tularensis_GCF_002858425.1
GCF_009818225.1	Francisellaceae_Francisella_tularensis_GCF_002858425.1
GCF_009818255.1	Francisellaceae_Francisella_tularensis_GCF_002858425.1
GCF_009818275.1	Francisellaceae_Francisella_tularensis_GCF_002858425.1
GCF_009818315.1	Francisellaceae_Francisella_tularensis_GCF_002858425.1
GCF_009818325.1	Francisellaceae_Francisella_tularensis_GCF_002858425.1
GCF_009818355.1	Francisellaceae_Francisella_tularensis_GCF_002858425.1
GCF_009818365.1	Francisellaceae_Francisella_tularensis_GCF_002858425.1
GCF_009818395.1	Francisellaceae_Francisella_tularensis_GCF_002858425.1
GCF_009818415.1	Francisellaceae_Francisella_tularensis_GCF_002858425.1
GCF_009818435.1	Francisellaceae_Francisella_tularensis_GCF_002858425.1
GCF_009818445.1	Francisellaceae_Francisella_tularensis_GCF_002858425.1
GCF_009818475.1	Francisellaceae_Francisella_tularensis_GCF_002858425.1
GCF_009818485.1	Francisellaceae_Francisella_tularensis_GCF_002858425.1
GCF_009818515.1	Francisellaceae_Francisella_tularensis_GCF_002858425.1
GCF_009818525.1	Francisellaceae_Francisella_tularensis_GCF_002858425.1
GCF_009818555.1	Francisellaceae_Francisella_tularensis_GCF_002858425.1
GCF_009818575.1	Francisellaceae_Francisella_tularensis_GCF_002858425.1
GCF_009818585.1	Francisellaceae_Francisella_tularensis_GCF_002858425.1
GCF_009818595.1	Francisellaceae_Francisella_tularensis_GCF_002858425.1
GCF_009818605.1	Francisellaceae_Francisella_tularensis_GCF_002858425.1
GCF_009818655.1	Francisellaceae_Francisella_tularensis_GCF_002858425.1
GCF_009818675.1	Francisellaceae_Francisella_tularensis_GCF_002858425.1
GCF_009818685.1	Francisellaceae_Francisella_tularensis_GCF_002858425.1
GCF_009818705.1	Francisellaceae_Francisella_tularensis_GCF_002858425.1
GCF_009818735.1	Francisellaceae_Francisella_tularensis_GCF_002858425.1
GCF_009818745.1	Francisellaceae_Francisella_tularensis_GCF_002858425.1
GCF_009818775.1	Francisellaceae_Francisella_tularensis_GCF_002858425.1
GCF_009818795.1	Francisellaceae_Francisella_tularensis_GCF_002858425.1
GCF_009818815.1	Francisellaceae_Francisella_tularensis_GCF_002858425.1
GCF_009818825.1	Francisellaceae_Francisella_tularensis_GCF_002858425.1
GCF_009818845.1	Francisellaceae_Francisella_tularensis_GCF_002858425.1
GCF_009818885.1	Francisellaceae_Francisella_tularensis_GCF_002858425.1
GCF_009818915.1	Francisellaceae_Francisella_tularensis_GCF_002858425.1
GCF_009818925.1	Francisellaceae_Francisella_tularensis_GCF_002858425.1
GCF_009818955.1	Francisellaceae_Francisella_tularensis_GCF_002858425.1
GCF_009818975.1	Francisellaceae_Francisella_tularensis_GCF_002858425.1
GCF_009818985.1	Francisellaceae_Francisella_tularensis_GCF_002858425.1
GCF_009819005.1	Francisellaceae_Francisella_tularensis_GCF_002858425.1
GCF_009819035.1	Francisellaceae_Francisella_tularensis_GCF_002858425.1
GCF_009819055.1	Francisellaceae_Francisella_tularensis_GCF_002858425.1
GCF_009819075.1	Francisellaceae_Francisella_tularensis_GCF_002858425.1
GCF_009819095.1	Francisellaceae_Francisella_tularensis_GCF_002858425.1
GCF_009819115.1	Francisellaceae_Francisella_tularensis_GCF_002858425.1
GCF_009819135.1	Francisellaceae_Francisella_tularensis_GCF_002858425.1
GCF_009819155.1	Francisellaceae_Francisella_tularensis_GCF_002858425.1
GCF_009819165.1	Francisellaceae_Francisella_tularensis_GCF_002858425.1
GCF_009819185.1	Francisellaceae_Francisella_tularensis_GCF_002858425.1
GCF_009819205.1	Francisellaceae_Francisella_tularensis_GCF_002858425.1
GCF_009819255.1	Francisellaceae_Francisella_tularensis_GCF_002858425.1
GCF_009819265.1	Francisellaceae_Francisella_tularensis_GCF_002858425.1
GCF_009819285.1	Francisellaceae_Francisella_tularensis_GCF_002858425.1
GCF_009819305.1	Francisellaceae_Francisella_tularensis_GCF_002858425.1
GCF_009819355.1	Francisellaceae_Francisella_tularensis_GCF_002858425.1
GCF_009819365.1	Francisellaceae_Francisella_tularensis_GCF_002858425.1
GCF_009819375.1	Francisellaceae_Francisella_tularensis_GCF_002858425.1
GCF_009819385.1	Francisellaceae_Francisella_tularensis_GCF_002858425.1
GCF_009819405.1	Francisellaceae_Francisella_tularensis_GCF_002858425.1
GCF_009819455.1	Francisellaceae_Francisella_tularensis_GCF_002858425.1
GCF_009823455.1	Francisellaceae_Francisella_tularensis_GCF_002858425.1
GCF_009823475.1	Francisellaceae_Francisella_tularensis_GCF_002858425.1
GCF_009823535.1	Francisellaceae_Francisella_tularensis_GCF_002858425.1
GCF_009823555.1	Francisellaceae_Francisella_tularensis_GCF_002858425.1
GCF_009939025.1	Francisellaceae_Francisella_tularensis_GCF_002858425.1
GCF_009939035.1	Francisellaceae_Francisella_tularensis_GCF_002858425.1
GCF_009939065.1	Francisellaceae_Francisella_tularensis_GCF_002858425.1
GCF_009939425.1	Francisellaceae_Francisella_tularensis_GCF_002858425.1
GCF_009939435.1	Francisellaceae_Francisella_tularensis_GCF_002858425.1
GCF_009939455.1	Francisellaceae_Francisella_tularensis_GCF_002858425.1
GCF_009939485.1	Francisellaceae_Francisella_tularensis_GCF_002858425.1
GCF_009939535.1	Francisellaceae_Francisella_tularensis_GCF_002858425.1
GCF_009939565.1	Francisellaceae_Francisella_tularensis_GCF_002858425.1
GCF_010077995.1	Francisellaceae_Francisella_tularensis_GCF_002858425.1
GCF_010078015.1	Francisellaceae_Francisella_tularensis_GCF_002858425.1
GCF_010078025.1	Francisellaceae_Francisella_tularensis_GCF_002858425.1
GCF_010078055.1	Francisellaceae_Francisella_tularensis_GCF_002858425.1
GCF_010078085.1	Francisellaceae_Francisella_tularensis_GCF_002858425.1
GCF_010078115.1	Francisellaceae_Francisella_tularensis_GCF_002858425.1
GCF_010078125.1	Francisellaceae_Francisella_tularensis_GCF_002858425.1
GCF_010078155.1	Francisellaceae_Francisella_tularensis_GCF_002858425.1
GCF_016601785.1	Francisellaceae_Francisella_tularensis_GCF_002858425.1
GCF_016601795.1	Francisellaceae_Francisella_tularensis_GCF_002858425.1
GCF_016601825.1	Francisellaceae_Francisella_tularensis_GCF_002858425.1
GCF_016601845.1	Francisellaceae_Francisella_tularensis_GCF_002858425.1
GCF_016601865.1	Francisellaceae_Francisella_tularensis_GCF_002858425.1
GCF_016601875.1	Francisellaceae_Francisella_tularensis_GCF_002858425.1
GCF_016601885.1	Francisellaceae_Francisella_tularensis_GCF_002858425.1
GCF_016601895.1	Francisellaceae_Francisella_tularensis_GCF_002858425.1
GCF_019909385.1	Francisellaceae_Francisella_tularensis_GCF_002858425.1
GCF_028965225.1	Francisellaceae_Francisella_tularensis_GCF_002858425.1
GCF_028965235.1	Francisellaceae_Francisella_tularensis_GCF_002858425.1
GCF_028965275.1	Francisellaceae_Francisella_tularensis_GCF_002858425.1
GCF_028967125.1	Francisellaceae_Francisella_tularensis_GCF_002858425.1
GCF_028967165.1	Francisellaceae_Francisella_tularensis_GCF_002858425.1
GCF_028967205.1	Francisellaceae_Francisella_tularensis_GCF_002858425.1
GCF_028967225.1	Francisellaceae_Francisella_tularensis_GCF_002858425.1
GCF_028967235.1	Francisellaceae_Francisella_tularensis_GCF_002858425.1
GCF_028967325.1	Francisellaceae_Francisella_tularensis_GCF_002858425.1
GCF_028967365.1	Francisellaceae_Francisella_tularensis_GCF_002858425.1
GCF_028967385.1	Francisellaceae_Francisella_tularensis_GCF_002858425.1
GCF_028967435.1	Francisellaceae_Francisella_tularensis_GCF_002858425.1
GCF_028967455.1	Francisellaceae_Francisella_tularensis_GCF_002858425.1
GCF_028967505.1	Francisellaceae_Francisella_tularensis_GCF_002858425.1
GCF_028967565.1	Francisellaceae_Francisella_tularensis_GCF_002858425.1
GCF_028967575.1	Francisellaceae_Francisella_tularensis_GCF_002858425.1
GCF_028967625.1	Francisellaceae_Francisella_tularensis_GCF_002858425.1
GCF_028967685.1	Francisellaceae_Francisella_tularensis_GCF_002858425.1
GCF_028967725.1	Francisellaceae_Francisella_tularensis_GCF_002858425.1
GCF_028967815.1	Francisellaceae_Francisella_tularensis_GCF_002858425.1
GCF_028967825.1	Francisellaceae_Francisella_tularensis_GCF_002858425.1
GCF_028967835.1	Francisellaceae_Francisella_tularensis_GCF_002858425.1
GCF_028967985.1	Francisellaceae_Francisella_tularensis_GCF_002858425.1
GCF_028967995.1	Francisellaceae_Francisella_tularensis_GCF_002858425.1
GCF_028968045.1	Francisellaceae_Francisella_tularensis_GCF_002858425.1
GCF_028968085.1	Francisellaceae_Francisella_tularensis_GCF_002858425.1
GCF_028968205.1	Francisellaceae_Francisella_tularensis_GCF_002858425.1
GCF_028968215.1	Francisellaceae_Francisella_tularensis_GCF_002858425.1
GCF_028968255.1	Francisellaceae_Francisella_tularensis_GCF_002858425.1
GCF_028968305.1	Francisellaceae_Francisella_tularensis_GCF_002858425.1
GCF_028968325.1	Francisellaceae_Francisella_tularensis_GCF_002858425.1
GCF_028968425.1	Francisellaceae_Francisella_tularensis_GCF_002858425.1
GCF_028968465.1	Francisellaceae_Francisella_tularensis_GCF_002858425.1
GCF_028968505.1	Francisellaceae_Francisella_tularensis_GCF_002858425.1
GCF_028968525.1	Francisellaceae_Francisella_tularensis_GCF_002858425.1
GCF_028968665.1	Francisellaceae_Francisella_tularensis_GCF_002858425.1
GCF_028968685.1	Francisellaceae_Francisella_tularensis_GCF_002858425.1
GCF_028968725.1	Francisellaceae_Francisella_tularensis_GCF_002858425.1
GCF_028968755.1	Francisellaceae_Francisella_tularensis_GCF_002858425.1
GCF_028968805.1	Francisellaceae_Francisella_tularensis_GCF_002858425.1
GCF_028968815.1	Francisellaceae_Francisella_tularensis_GCF_002858425.1
GCF_028968865.1	Francisellaceae_Francisella_tularensis_GCF_002858425.1
GCF_028968925.1	Francisellaceae_Francisella_tularensis_GCF_002858425.1
GCF_028968985.1	Francisellaceae_Francisella_tularensis_GCF_002858425.1
GCF_028969025.1	Francisellaceae_Francisella_tularensis_GCF_002858425.1
GCF_028969035.1	Francisellaceae_Francisella_tularensis_GCF_002858425.1
GCF_028969105.1	Francisellaceae_Francisella_tularensis_GCF_002858425.1
GCF_028969145.1	Francisellaceae_Francisella_tularensis_GCF_002858425.1
GCF_900015305.2	Francisellaceae_Francisella_tularensis_GCF_002858425.1
GCF_900016285.2	Francisellaceae_Francisella_tularensis_GCF_002858425.1
GCF_900016295.2	Francisellaceae_Francisella_tularensis_GCF_002858425.1
GCF_900491805.1	Francisellaceae_Francisella_tularensis_GCF_002858425.1
GCF_002100585.1	Francisellaceae_Francisella_tularensis_GCF_002100585.1
GCF_009812735.1	Francisellaceae_Francisella_tularensis_GCF_009812735.1
GCF_016601415.1	Francisellaceae_Francisella_tularensis_GCF_016601415.1
GCF_016602445.1	Francisellaceae_Francisella_tularensis_GCF_016601415.1
GCF_016601615.1	Francisellaceae_Francisella_tularensis_GCF_016601615.1
GCF_016600515.1	Francisellaceae_Francisella_tularensis_GCF_016600515.1
GCF_016600575.1	Francisellaceae_Francisella_tularensis_GCF_016600575.1
GCF_000742075.1	Francisellaceae_Francisella_tularensis_GCF_000742075.1
GCF_000742145.1	Francisellaceae_Francisella_tularensis_GCF_000742145.1
GCF_015666855.2	Francisellaceae_Francisella_tularensis_GCF_015666855.2
GCF_001696925.1	Francisellaceae_Francisella_tularensis_GCF_001696925.1
GCF_001574675.1	Francisellaceae_Francisella_tularensis_GCF_001574675.1
GCF_017089215.1	Francisellaceae_Francisella_tularensis_GCF_017089215.1
GCF_017089425.1	Francisellaceae_Francisella_tularensis_GCF_017089425.1
GCF_001574775.1	Francisellaceae_Francisella_tularensis_GCF_001574775.1
GCF_001574555.1	Francisellaceae_Francisella_tularensis_GCF_001574775.1
GCF_001574695.1	Francisellaceae_Francisella_tularensis_GCF_001574775.1
GCF_021560555.1	Francisellaceae_Francisella_tularensis_GCF_021560555.1
GCF_000168775.2	Francisellaceae_Francisella_tularensis_GCF_021560555.1
GCF_002102455.2	Francisellaceae_Francisella_tularensis_GCF_021560555.1
GCF_019469505.1	Francisellaceae_Francisella_tularensis_GCF_021560555.1
GCF_021560575.1	Francisellaceae_Francisella_tularensis_GCF_021560555.1
GCF_001574885.1	Francisellaceae_Francisella_tularensis_GCF_001574885.1
GCF_002027785.1	Francisellaceae_Francisella_tularensis_GCF_002027785.1
GCF_002100335.1	Francisellaceae_Francisella_tularensis_GCF_002027785.1
GCF_002100855.1	Francisellaceae_Francisella_tularensis_GCF_002100855.1
GCF_009813375.1	Francisellaceae_Francisella_tularensis_GCF_009813375.1
GCF_009814735.1	Francisellaceae_Francisella_tularensis_GCF_009813375.1
GCF_000017785.1	Francisellaceae_Francisella_tularensis_GCF_000017785.1
GCA_002886065.1	Francisellaceae_Francisella_tularensis_GCF_000017785.1
GCF_014236875.1	Francisellaceae_Francisella_tularensis_GCF_000017785.1
GCF_014243055.1	Francisellaceae_Francisella_tularensis_GCF_000017785.1
GCF_014243065.1	Francisellaceae_Francisella_tularensis_GCF_000017785.1
GCF_014243075.1	Francisellaceae_Francisella_tularensis_GCF_000017785.1
GCF_014243115.1	Francisellaceae_Francisella_tularensis_GCF_000017785.1
GCF_014243125.1	Francisellaceae_Francisella_tularensis_GCF_000017785.1
GCF_014243155.1	Francisellaceae_Francisella_tularensis_GCF_000017785.1
GCF_014243175.1	Francisellaceae_Francisella_tularensis_GCF_000017785.1
GCF_014243195.1	Francisellaceae_Francisella_tularensis_GCF_000017785.1
GCF_014243205.1	Francisellaceae_Francisella_tularensis_GCF_000017785.1
GCF_014243215.1	Francisellaceae_Francisella_tularensis_GCF_000017785.1
GCF_014243225.1	Francisellaceae_Francisella_tularensis_GCF_000017785.1
GCF_014243275.1	Francisellaceae_Francisella_tularensis_GCF_000017785.1
GCF_014243295.1	Francisellaceae_Francisella_tularensis_GCF_000017785.1
GCF_019469545.1	Francisellaceae_Francisella_tularensis_GCF_000017785.1
GCF_000313385.1	Francisellaceae_Francisella_tularensis_GCF_000313385.1
GCF_009813105.1	Francisellaceae_Francisella_tularensis_GCF_009813105.1
GCF_002100685.1	Francisellaceae_Francisella_tularensis_GCF_002100685.1
GCF_002100245.1	Francisellaceae_Francisella_tularensis_GCF_002100685.1
GCF_002100265.1	Francisellaceae_Francisella_tularensis_GCF_002100685.1
GCF_002100665.1	Francisellaceae_Francisella_tularensis_GCF_002100685.1
GCF_002100705.1	Francisellaceae_Francisella_tularensis_GCF_002100685.1
GCF_002100715.1	Francisellaceae_Francisella_tularensis_GCF_002100685.1
GCF_002101095.1	Francisellaceae_Francisella_tularensis_GCF_002101095.1
GCF_002858365.1	Francisellaceae_Francisella_tularensis_GCF_002858365.1
GCA_000153845.1	Francisellaceae_Francisella_tularensis_GCA_000153845.1
GCA_014931515.1	Francisellaceae_Francisella_tularensis_GCA_014931515.1
GCF_001611815.4	Francisellaceae_Francisella_tularensis_GCF_001611815.4
GCF_000009245.1	Francisellaceae_Francisella_tularensis_GCF_001611815.4
GCF_000833335.1	Francisellaceae_Francisella_tularensis_GCF_001611815.4
GCF_009815765.1	Francisellaceae_Francisella_tularensis_GCF_009815765.1
GCF_017089145.1	Francisellaceae_Francisella_tularensis_GCF_009815765.1
GCF_017089205.1	Francisellaceae_Francisella_tularensis_GCF_009815765.1
GCF_017089565.1	Francisellaceae_Francisella_tularensis_GCF_009815765.1
GCF_017089705.1	Francisellaceae_Francisella_tularensis_GCF_009815765.1
GCF_015666755.2	Francisellaceae_Francisella_tularensis_GCF_015666755.2
GCF_001696935.1	Francisellaceae_Francisella_tularensis_GCF_001696935.1
GCF_002858105.1	Francisellaceae_Francisella_tularensis_GCF_002858105.1
GCF_002858165.1	Francisellaceae_Francisella_tularensis_GCF_002858105.1
GCF_009818875.1	Francisellaceae_Francisella_tularensis_GCF_009818875.1
GCF_009812625.1	Francisellaceae_Francisella_tularensis_GCF_009818875.1
GCF_009817415.1	Francisellaceae_Francisella_tularensis_GCF_009818875.1
GCF_009812755.1	Francisellaceae_Francisella_tularensis_GCF_009812755.1
GCF_009812955.1	Francisellaceae_Francisella_tularensis_GCF_009812955.1
GCF_009812845.1	Francisellaceae_Francisella_tularensis_GCF_009812955.1
GCF_009812965.1	Francisellaceae_Francisella_tularensis_GCF_009812955.1
GCF_009813805.1	Francisellaceae_Francisella_tularensis_GCF_009812955.1
GCF_002100785.1	Francisellaceae_Francisella_tularensis_GCF_002100785.1
GCF_009813055.1	Francisellaceae_Francisella_tularensis_GCF_009813055.1
GCF_002100365.1	Francisellaceae_Francisella_tularensis_GCF_002100365.1
GCF_002100195.1	Francisellaceae_Francisella_tularensis_GCF_002100195.1
GCF_015666765.2	Francisellaceae_Francisella_tularensis_GCF_015666765.2
GCF_015666775.2	Francisellaceae_Francisella_tularensis_GCF_015666775.2
GCF_001574865.1	Francisellaceae_Francisella_tularensis_GCF_001574865.1
GCF_001574945.1	Francisellaceae_Francisella_tularensis_GCF_001574945.1
GCF_015666695.2	Francisellaceae_Francisella_tularensis_GCF_015666695.2
GCF_015666865.2	Francisellaceae_Francisella_tularensis_GCF_015666865.2
GCF_000681495.1	Francisellaceae_Francisella_tularensis_GCF_000681495.1
GCF_002101045.1	Francisellaceae_Francisella_tularensis_GCF_002101045.1
GCF_002100325.1	Francisellaceae_Francisella_tularensis_GCF_002100325.1
GCF_002100255.1	Francisellaceae_Francisella_tularensis_GCF_002100255.1
GCF_002100775.1	Francisellaceae_Francisella_tularensis_GCF_002100775.1
GCF_002100275.1	Francisellaceae_Francisella_tularensis_GCF_002100275.1
GCF_002100185.1	Francisellaceae_Francisella_tularensis_GCF_002100185.1
GCF_009812745.1	Francisellaceae_Francisella_tularensis_GCF_009812745.1
GCF_009813185.1	Francisellaceae_Francisella_tularensis_GCF_009813185.1
GCF_017089515.1	Francisellaceae_Francisella_tularensis_GCF_017089515.1
GCF_016601365.1	Francisellaceae_Francisella_tularensis_GCF_016601365.1
GCF_002857565.1	Francisellaceae_Francisella_tularensis_GCF_002857565.1
GCF_002857465.1	Francisellaceae_Francisella_tularensis_GCF_002857565.1
GCF_002857585.1	Francisellaceae_Francisella_tularensis_GCF_002857585.1
GCF_003612815.1	Francisellaceae_Francisella_tularensis_GCF_003612815.1
GCF_010233385.1	Francisellaceae_Francisella_tularensis_GCF_010233385.1
GCF_002100845.1	Francisellaceae_Francisella_tularensis_GCF_002100845.1
GCF_002100625.1	Francisellaceae_Francisella_tularensis_GCF_002100625.1
GCF_002101185.1	Francisellaceae_Francisella_tularensis_GCF_002101185.1
GCF_002100445.1	Francisellaceae_Francisella_tularensis_GCF_002100445.1
GCF_002101125.1	Francisellaceae_Francisella_tularensis_GCF_002101125.1
GCF_017089505.1	Francisellaceae_Francisella_tularensis_GCF_017089505.1
GCF_001574905.1	Francisellaceae_Francisella_tularensis_GCF_001574905.1
GCF_001574935.1	Francisellaceae_Francisella_tularensis_GCF_001574935.1
GCF_002858465.1	Francisellaceae_Francisella_tularensis_GCF_002858465.1
GCF_002100175.1	Francisellaceae_Francisella_tularensis_GCF_002100175.1
GCF_002100535.1	Francisellaceae_Francisella_tularensis_GCF_002100535.1
GCF_015572115.1	Francisellaceae_Francisella_tularensis_GCF_015572115.1
GCF_002100375.1	Francisellaceae_Francisella_tularensis_GCF_015572115.1
GCF_015572185.1	Francisellaceae_Francisella_tularensis_GCF_015572185.1
GCF_015572235.1	Francisellaceae_Francisella_tularensis_GCF_015572235.1
GCF_016602275.1	Francisellaceae_Francisella_tularensis_GCF_016602275.1
GCA_020075585.1	Francisellaceae_Francisella_tularensis_GCF_016602275.1
GCF_003721535.1	Francisellaceae_Francisella_tularensis_GCF_016602275.1
GCF_003721555.1	Francisellaceae_Francisella_tularensis_GCF_016602275.1
GCF_003721615.1	Francisellaceae_Francisella_tularensis_GCF_016602275.1
GCF_003721625.1	Francisellaceae_Francisella_tularensis_GCF_016602275.1
GCF_009814675.1	Francisellaceae_Francisella_tularensis_GCF_016602275.1
GCF_009814685.1	Francisellaceae_Francisella_tularensis_GCF_016602275.1
GCF_009815335.1	Francisellaceae_Francisella_tularensis_GCF_016602275.1
GCF_014697675.1	Francisellaceae_Francisella_tularensis_GCF_016602275.1
GCF_014803425.1	Francisellaceae_Francisella_tularensis_GCF_016602275.1
GCF_016601645.1	Francisellaceae_Francisella_tularensis_GCF_016602275.1
GCF_016601695.1	Francisellaceae_Francisella_tularensis_GCF_016602275.1
GCF_016601725.1	Francisellaceae_Francisella_tularensis_GCF_016602275.1
GCF_016601765.1	Francisellaceae_Francisella_tularensis_GCF_016602275.1
GCF_016859085.1	Francisellaceae_Francisella_tularensis_GCF_016602275.1
GCF_016859105.1	Francisellaceae_Francisella_tularensis_GCF_016602275.1
GCF_017089105.1	Francisellaceae_Francisella_tularensis_GCF_016602275.1
GCF_017089155.1	Francisellaceae_Francisella_tularensis_GCF_016602275.1
GCF_017089265.1	Francisellaceae_Francisella_tularensis_GCF_016602275.1
GCF_017089325.1	Francisellaceae_Francisella_tularensis_GCF_016602275.1
GCF_017089335.1	Francisellaceae_Francisella_tularensis_GCF_016602275.1
GCF_017089405.1	Francisellaceae_Francisella_tularensis_GCF_016602275.1
GCF_017089475.1	Francisellaceae_Francisella_tularensis_GCF_016602275.1
GCF_017089575.1	Francisellaceae_Francisella_tularensis_GCF_016602275.1
GCF_017089805.1	Francisellaceae_Francisella_tularensis_GCF_016602275.1
GCF_017089895.1	Francisellaceae_Francisella_tularensis_GCF_016602275.1
GCF_017312195.1	Francisellaceae_Francisella_tularensis_GCF_016602275.1
GCF_020073805.1	Francisellaceae_Francisella_tularensis_GCF_016602275.1
GCF_020075595.1	Francisellaceae_Francisella_tularensis_GCF_016602275.1
GCF_900491815.1	Francisellaceae_Francisella_tularensis_GCF_016602275.1
GCF_009812665.1	Francisellaceae_Francisella_tularensis_GCF_009812665.1
GCF_002100525.1	Francisellaceae_Francisella_tularensis_GCF_002100525.1
GCF_015572275.1	Francisellaceae_Francisella_tularensis_GCF_015572275.1
GCF_002027725.1	Francisellaceae_Francisella_tularensis_GCF_015572275.1
GCF_002027745.1	Francisellaceae_Francisella_tularensis_GCF_015572275.1
GCF_002027765.1	Francisellaceae_Francisella_tularensis_GCF_015572275.1
GCF_002101165.1	Francisellaceae_Francisella_tularensis_GCF_015572275.1
GCF_015686565.1	Francisellaceae_Francisella_tularensis_GCF_015686565.1
GCF_002100415.1	Francisellaceae_Francisella_tularensis_GCF_002100415.1
GCF_015572125.1	Francisellaceae_Francisella_tularensis_GCF_015572125.1
GCF_015572205.1	Francisellaceae_Francisella_tularensis_GCF_015572125.1
GCF_002101015.1	Francisellaceae_Francisella_tularensis_GCF_002101015.1
GCF_002100505.1	Francisellaceae_Francisella_tularensis_GCF_002101015.1
GCF_017089025.1	Francisellaceae_Francisella_tularensis_GCF_017089025.1
GCF_010078075.1	Francisellaceae_Francisella_tularensis_GCF_010078075.1
GCF_009939045.1	Francisellaceae_Francisella_tularensis_GCF_010078075.1
GCF_009939095.1	Francisellaceae_Francisella_tularensis_GCF_010078075.1
GCF_009939355.1	Francisellaceae_Francisella_tularensis_GCF_010078075.1
GCF_009939365.1	Francisellaceae_Francisella_tularensis_GCF_010078075.1
GCF_009939465.1	Francisellaceae_Francisella_tularensis_GCF_010078075.1
GCF_009939525.1	Francisellaceae_Francisella_tularensis_GCF_010078075.1
GCF_009939575.1	Francisellaceae_Francisella_tularensis_GCF_010078075.1
GCF_010077895.1	Francisellaceae_Francisella_tularensis_GCF_010078075.1
GCF_010078165.1	Francisellaceae_Francisella_tularensis_GCF_010078165.1
GCF_002100485.1	Francisellaceae_Francisella_tularensis_GCF_002100485.1
GCF_002100955.1	Francisellaceae_Francisella_tularensis_GCF_002100955.1
GCF_002100925.1	Francisellaceae_Francisella_tularensis_GCF_002100925.1
GCF_015686575.1	Francisellaceae_Francisella_tularensis_GCF_015686575.1
GCF_002100935.1	Francisellaceae_Francisella_tularensis_GCF_002100935.1
GCF_002100795.1	Francisellaceae_Francisella_tularensis_GCF_002100795.1
GCF_002100565.1	Francisellaceae_Francisella_tularensis_GCF_002100565.1
GCF_009815455.1	Francisellaceae_Francisella_tularensis_GCF_009815455.1
GCF_015572175.1	Francisellaceae_Francisella_tularensis_GCF_015572175.1
GCF_015686425.1	Francisellaceae_Francisella_tularensis_GCF_015686425.1
GCF_015666895.2	Francisellaceae_Francisella_tularensis_GCF_015666895.2
GCF_002858485.1	Francisellaceae_Francisella_tularensis_GCF_002858485.1
GCF_002858435.1	Francisellaceae_Francisella_tularensis_GCF_002858435.1
GCF_002101005.1	Francisellaceae_Francisella_tularensis_GCF_002101005.1
GCF_015666675.2	Francisellaceae_Francisella_tularensis_GCF_015666675.2
GCF_900491795.1	Francisellaceae_Francisella_tularensis_GCF_900491795.1
GCF_009812865.1	Francisellaceae_Francisella_tularensis_GCF_009812865.1
GCF_002100605.1	Francisellaceae_Francisella_tularensis_GCF_002100605.1
GCF_015686555.1	Francisellaceae_Francisella_tularensis_GCF_015686555.1
GCF_001953575.1	Francisellaceae_Francisella_tularensis_GCF_001953575.1
GCF_015666815.2	Francisellaceae_Francisella_tularensis_GCF_015666815.2
GCF_009819235.1	Francisellaceae_Francisella_tularensis_GCF_009819235.1
GCF_002100765.1	Francisellaceae_Francisella_tularensis_GCF_002100765.1
GCF_009812835.1	Francisellaceae_Francisella_tularensis_GCF_009812835.1
GCF_009812715.1	Francisellaceae_Francisella_tularensis_GCF_009812715.1
GCF_002100165.1	Francisellaceae_Francisella_tularensis_GCF_002100165.1
GCF_002100945.1	Francisellaceae_Francisella_tularensis_GCF_002100945.1
GCF_015686415.1	Francisellaceae_Francisella_tularensis_GCF_015686415.1
GCF_002100865.1	Francisellaceae_Francisella_tularensis_GCF_002100865.1
GCF_009813355.1	Francisellaceae_Francisella_tularensis_GCF_009813355.1
GCF_009815235.1	Francisellaceae_Francisella_tularensis_GCF_009815235.1
GCF_009813255.1	Francisellaceae_Francisella_tularensis_GCF_009815235.1
GCF_009813295.1	Francisellaceae_Francisella_tularensis_GCF_009815235.1
GCF_009813725.1	Francisellaceae_Francisella_tularensis_GCF_009815235.1
GCF_016602785.1	Francisellaceae_Francisella_tularensis_GCF_016602785.1
GCF_015572085.1	Francisellaceae_Francisella_tularensis_GCF_015572085.1
GCF_015686445.1	Francisellaceae_Francisella_tularensis_GCF_015686445.1
GCF_015572075.1	Francisellaceae_Francisella_tularensis_GCF_015572075.1
GCF_015572135.1	Francisellaceae_Francisella_tularensis_GCF_015572075.1
GCF_015572245.1	Francisellaceae_Francisella_tularensis_GCF_015572075.1
GCF_015686435.1	Francisellaceae_Francisella_tularensis_GCF_015572075.1
GCF_015686455.1	Francisellaceae_Francisella_tularensis_GCF_015572075.1
GCF_015686515.1	Francisellaceae_Francisella_tularensis_GCF_015686515.1
GCF_009813715.1	Francisellaceae_Francisella_tularensis_GCF_009813715.1
GCF_009812895.1	Francisellaceae_Francisella_tularensis_GCF_009812895.1
GCF_009812765.1	Francisellaceae_Francisella_tularensis_GCF_009812765.1
GCF_009813135.1	Francisellaceae_Francisella_tularensis_GCF_009813135.1
GCF_002101085.1	Francisellaceae_Francisella_tularensis_GCF_002101085.1
GCF_002100455.1	Francisellaceae_Francisella_tularensis_GCF_002100455.1
GCF_002101105.1	Francisellaceae_Francisella_tularensis_GCF_002101105.1
GCF_010077875.1	Francisellaceae_Francisella_tularensis_GCF_010077875.1
GCF_009813765.1	Francisellaceae_Francisella_tularensis_GCF_009813765.1
GCF_009814225.1	Francisellaceae_Francisella_tularensis_GCF_009814225.1
GCA_000170295.1	Francisellaceae_Francisella_tularensis_GCA_000170295.1
GCF_002100875.1	Francisellaceae_Francisella_tularensis_GCF_002100875.1
GCF_002101035.1	Francisellaceae_Francisella_tularensis_GCF_002101035.1
GCF_009815145.1	Francisellaceae_Francisella_tularensis_GCF_009815145.1
GCF_009813195.1	Francisellaceae_Francisella_tularensis_GCF_009813195.1
GCF_009814145.1	Francisellaceae_Francisella_tularensis_GCF_009814145.1
GCF_009812695.1	Francisellaceae_Francisella_tularensis_GCF_009812695.1
GCF_009814335.1	Francisellaceae_Francisella_tularensis_GCF_009814335.1
GCF_016602915.1	Francisellaceae_Francisella_tularensis_GCF_016602915.1
GCF_009812815.1	Francisellaceae_Francisella_tularensis_GCF_009812815.1
GCF_016602765.1	Francisellaceae_Francisella_tularensis_GCF_016602765.1
GCF_009812875.1	Francisellaceae_Francisella_tularensis_GCF_009812875.1
GCF_009813035.1	Francisellaceae_Francisella_tularensis_GCF_009813035.1
GCF_009813005.1	Francisellaceae_Francisella_tularensis_GCF_009813005.1
