sample_name	SNP_final	SNP_path	subspecies
Francisellaceae_Francisella_tularensis_GCA_000153845.1	B.25	"T/N.1;T.1;B.1;B.2;B.3;B.5;B.12;B.72;B.13;B.26;B.23;B.195;B.25"	
Francisellaceae_Francisella_tularensis_GCA_000170295.1	B.45	"T/N.1;T.1;B.1;B.2;B.3;B.5;B.6;B.10;B.11;B.44;B.45"	
Francisellaceae_Francisella_tularensis_GCA_000524575.1	B.217	"T/N.1;T.1;B.1;B.16;B.217"	
Francisellaceae_Francisella_tularensis_GCA_000746455.1	A.I.14	"T/N.1;T.1;A/M.1;A.1;A.I.1;A.I.7;A.I.12;A.I.2;A.I.14"	
Francisellaceae_Francisella_tularensis_GCA_000807905.1	B.136	"T/N.1;T.1;B.1;B.2;B.3;B.5;B.6;B.7;B.133;B.81;B.136"	
Francisellaceae_Francisella_tularensis_GCA_014931515.1	B.77	"T/N.1;T.1;B.1;B.2;B.3;B.5;B.12;B.72;B.13;B.26;B.23;B.196;B.24;B.77"	
Francisellaceae_Francisella_tularensis_GCA_015666825.2	B.78	"T/N.1;T.1;B.1;B.2;B.3;B.4;B.112;B.130;B.131;B.78"	
Francisellaceae_Francisella_tularensis_GCA_016604685.1	M.1	"T/N.1;T.1;A/M.1;M.1"	mediasiatica
Francisellaceae_Francisella_tularensis_GCA_019134715.1	A.I.14	"T/N.1;T.1;A/M.1;A.1;A.I.1;A.I.7;A.I.12;A.I.2;A.I.14"	
Francisellaceae_Francisella_tularensis_GCA_022500855.1	A.I.13	"T/N.1;T.1;A/M.1;A.1;A.I.1;A.I.7;A.I.12;A.I.2;A.I.13"	
Francisellaceae_Francisella_tularensis_GCA_030505475.1	M.1	"T/N.1;T.1;A/M.1;M.1"	mediasiatica
Francisellaceae_Francisella_tularensis_GCA_030505495.1	M.1	"T/N.1;T.1;A/M.1;M.1"	mediasiatica
Francisellaceae_Francisella_tularensis_GCA_030505555.1	M.1	"T/N.1;T.1;A/M.1;M.1"	mediasiatica
Francisellaceae_Francisella_tularensis_GCF_000014605.1	B.126	"T/N.1;T.1;B.1;B.2;B.3;B.4;B.111;B.113;B.116;B.124;B.125;B.126"	
Francisellaceae_Francisella_tularensis_GCF_000016105.1	A.II.6	"T/N.1;T.1;A/M.1;A.1;A.II.1;A.II.2;A.II.6"	
Francisellaceae_Francisella_tularensis_GCF_000017785.1	B.269	"T/N.1;T.1;B.1;B.2;B.3;B.5;B.6;B.10;B.11;B.44;B.45;B.49;B.268;B.269"	
Francisellaceae_Francisella_tularensis_GCF_000154145.1	B.224	"T/N.1;T.1;B.1;B.16;B.218;B.220;B.222;B.224"	
Francisellaceae_Francisella_tularensis_GCF_000154165.1	A.I.4	"T/N.1;T.1;A/M.1;A.1;A.I.1;A.I.3;A.I.4"	
Francisellaceae_Francisella_tularensis_GCF_000154265.1	NA	"T/N.1;B.74;B.45;B.234;B.68;B.156;B.257"	
Francisellaceae_Francisella_tularensis_GCF_000155535.1	A.I.4	"T/N.1;T.1;A/M.1;A.1;A.I.1;A.I.3;A.I.4"	
Francisellaceae_Francisella_tularensis_GCF_000195535.1	NA	"T/N.1;B.217;B.74;B.45;B.166;B.138"	
Francisellaceae_Francisella_tularensis_GCF_000305835.1	A.II.6	"T/N.1;T.1;A/M.1;A.1;A.II.1;A.II.2;A.II.6"	
Francisellaceae_Francisella_tularensis_GCF_000305855.1	A.II.4	"T/N.1;T.1;A/M.1;A.1;A.II.1;A.II.2;A.II.3;A.II.4"	
Francisellaceae_Francisella_tularensis_GCF_000305875.1	A.I.12	"T/N.1;T.1;A/M.1;A.1;A.I.1;A.I.7;A.I.12"	
Francisellaceae_Francisella_tularensis_GCF_000305895.1	A.II.8	"T/N.1;T.1;A/M.1;A.1;A.II.1;A.II.8"	
Francisellaceae_Francisella_tularensis_GCF_000305915.1	A.II.8	"T/N.1;T.1;A/M.1;A.1;A.II.1;A.II.8"	
Francisellaceae_Francisella_tularensis_GCF_000313275.1	A.II.8	"T/N.1;T.1;A/M.1;A.1;A.II.1;A.II.8"	
Francisellaceae_Francisella_tularensis_GCF_000313385.1	B.58	"T/N.1;T.1;B.1;B.2;B.3;B.5;B.6;B.10;B.11;B.44;B.45;B.49;B.58"	
Francisellaceae_Francisella_tularensis_GCF_000346525.1	A.II.6	"T/N.1;T.1;A/M.1;A.1;A.II.1;A.II.2;A.II.6"	
Francisellaceae_Francisella_tularensis_GCF_000380385.1	A.I.12	"T/N.1;T.1;A/M.1;A.1;A.I.1;A.I.7;A.I.12"	
Francisellaceae_Francisella_tularensis_GCF_000380405.1	A.I.12	"T/N.1;T.1;A/M.1;A.1;A.I.1;A.I.7;A.I.12"	
Francisellaceae_Francisella_tularensis_GCF_000478845.1	B.122	"T/N.1;T.1;B.1;B.2;B.3;B.4;B.111;B.113;B.115;B.117;B.118;B.119;B.120;B.122"	
Francisellaceae_Francisella_tularensis_GCF_000681495.1	B.101	"T/N.1;T.1;B.1;B.2;B.3;B.5;B.6;B.10;B.11;B.44;B.45;B.101;B.251"	
Francisellaceae_Francisella_tularensis_GCF_000741935.1	A.I.11	"T/N.1;T.1;A/M.1;A.1;A.I.1;A.I.7;A.I.8;A.I.10;A.I.11"	
Francisellaceae_Francisella_tularensis_GCF_000742015.1	A.I.11	"T/N.1;T.1;A/M.1;A.1;A.I.1;A.I.7;A.I.8;A.I.10;A.I.11"	
Francisellaceae_Francisella_tularensis_GCF_000742075.1	A.I.11	"T/N.1;T.1;A/M.1;A.1;A.I.1;A.I.7;A.I.8;A.I.10;A.I.11"	
Francisellaceae_Francisella_tularensis_GCF_000742095.1	A.II.4	"T/N.1;T.1;A/M.1;A.1;A.II.1;A.II.2;A.II.3;A.II.4"	
Francisellaceae_Francisella_tularensis_GCF_000742145.1	A.I.11	"T/N.1;T.1;A/M.1;A.1;A.I.1;A.I.7;A.I.8;A.I.10;A.I.11"	
Francisellaceae_Francisella_tularensis_GCF_000742155.1	A.I.11	"T/N.1;T.1;A/M.1;A.1;A.I.1;A.I.7;A.I.8;A.I.10;A.I.11"	
Francisellaceae_Francisella_tularensis_GCF_000833355.1	NA	"T/N.1;B.74;B.45;B.234;B.68;B.156;B.257"	
Francisellaceae_Francisella_tularensis_GCF_000833475.1	A.II.4	"T/N.1;T.1;A/M.1;A.1;A.II.1;A.II.2;A.II.3;A.II.4"	
Francisellaceae_Francisella_tularensis_GCF_000833495.1	NA	"T/N.1;T.1;B.1;B.3;B.4;B.111;B.113;B.116;B.124;B.125;B.126"	
Francisellaceae_Francisella_tularensis_GCF_000833515.1	B.165	"T/N.1;T.1;B.1;B.2;B.3;B.5;B.6;B.7;B.8;B.162;B.165"	
Francisellaceae_Francisella_tularensis_GCF_000833715.1	B.226	"T/N.1;T.1;B.1;B.16;B.218;B.220;B.223;B.226"	
Francisellaceae_Francisella_tularensis_GCF_001011135.1	A.II.6	"T/N.1;T.1;A/M.1;A.1;A.II.1;A.II.2;A.II.6"	
Francisellaceae_Francisella_tularensis_GCF_001044315.2	B.9	"T/N.1;T.1;B.1;B.2;B.3;B.5;B.6;B.7;B.8;B.9"	
Francisellaceae_Francisella_tularensis_GCF_001262115.1	A.II.6	"T/N.1;T.1;A/M.1;A.1;A.II.1;A.II.2;A.II.6"	
Francisellaceae_Francisella_tularensis_GCF_001412545.1	B.217	"T/N.1;T.1;B.1;B.16;B.217"	
Francisellaceae_Francisella_tularensis_GCF_001574605.1	B.136	"T/N.1;T.1;B.1;B.2;B.3;B.5;B.6;B.7;B.133;B.81;B.136"	
Francisellaceae_Francisella_tularensis_GCF_001574635.1	B.102	"T/N.1;T.1;B.1;B.2;B.3;B.4;B.112;B.130;B.102"	
Francisellaceae_Francisella_tularensis_GCF_001574655.1	B.199	"T/N.1;T.1;B.1;B.2;B.3;B.5;B.12;B.72;B.13;B.26;B.23;B.196;B.65;B.199"	
Francisellaceae_Francisella_tularensis_GCF_001574675.1	B.195	"T/N.1;T.1;B.1;B.2;B.3;B.5;B.12;B.72;B.13;B.26;B.23;B.195"	
Francisellaceae_Francisella_tularensis_GCF_001574705.1	B.147	"T/N.1;T.1;B.1;B.2;B.3;B.5;B.6;B.7;B.133;B.81;B.135;B.139;B.146;B.147"	
Francisellaceae_Francisella_tularensis_GCF_001574775.1	B.185	"T/N.1;T.1;B.1;B.2;B.3;B.5;B.12;B.72;B.13;B.26;B.42;B.168;B.21;B.170;B.180;B.22;B.185;B.186"	
Francisellaceae_Francisella_tularensis_GCF_001574785.1	B.213	"T/N.1;T.1;B.1;B.2;B.3;B.5;B.12;B.72;B.39;B.73;B.210;B.212;B.213"	
Francisellaceae_Francisella_tularensis_GCF_001574855.1	B.68	"T/N.1;T.1;B.1;B.2;B.3;B.5;B.12;B.72;B.13;B.26;B.42;B.79;B.68"	
Francisellaceae_Francisella_tularensis_GCF_001574865.1	B.68	"T/N.1;T.1;B.1;B.2;B.3;B.5;B.12;B.72;B.13;B.26;B.42;B.79;B.68"	
Francisellaceae_Francisella_tularensis_GCF_001574885.1	B.68	"T/N.1;T.1;B.1;B.2;B.3;B.5;B.12;B.72;B.13;B.26;B.42;B.79;B.68"	
Francisellaceae_Francisella_tularensis_GCF_001574905.1	B.67	"T/N.1;T.1;B.1;B.2;B.3;B.5;B.12;B.72;B.13;B.26;B.42;B.168;B.66;B.190;B.67"	
Francisellaceae_Francisella_tularensis_GCF_001574935.1	B.67	"T/N.1;T.1;B.1;B.2;B.3;B.5;B.12;B.72;B.13;B.26;B.42;B.168;B.66;B.190;B.67"	
Francisellaceae_Francisella_tularensis_GCF_001574945.1	B.68	"T/N.1;T.1;B.1;B.2;B.3;B.5;B.12;B.72;B.13;B.26;B.42;B.79;B.68"	
Francisellaceae_Francisella_tularensis_GCF_001611815.4	B.77	"T/N.1;T.1;B.1;B.2;B.3;B.5;B.12;B.72;B.13;B.26;B.23;B.196;B.24;B.77"	
Francisellaceae_Francisella_tularensis_GCF_001696925.1	B.25	"T/N.1;T.1;B.1;B.2;B.3;B.5;B.12;B.72;B.13;B.26;B.23;B.195;B.25"	
Francisellaceae_Francisella_tularensis_GCF_001696935.1	B.190	"T/N.1;T.1;B.1;B.2;B.3;B.5;B.12;B.72;B.13;B.26;B.42;B.168;B.66;B.190"	
Francisellaceae_Francisella_tularensis_GCF_001696945.1	B.219	"T/N.1;T.1;B.1;B.16;B.218;B.219"	
Francisellaceae_Francisella_tularensis_GCF_001696955.1	B.24	"T/N.1;T.1;B.1;B.2;B.3;B.5;B.12;B.72;B.13;B.26;B.23;B.196;B.24"	
Francisellaceae_Francisella_tularensis_GCF_001865695.1	NA	"T/N.1;B.74;B.45;B.166;B.138;B.68"	
Francisellaceae_Francisella_tularensis_GCF_001953575.1	B.80	"T/N.1;T.1;B.1;B.2;B.3;B.5;B.12;B.72;B.13;B.26;B.42;B.168;B.66;B.33;B.103;B.104;B.80"	
Francisellaceae_Francisella_tularensis_GCF_002027465.1	B.224	"T/N.1;T.1;B.1;B.16;B.218;B.220;B.222;B.224"	
Francisellaceae_Francisella_tularensis_GCF_002027785.1	B.62	"T/N.1;T.1;B.1;B.2;B.3;B.5;B.6;B.10;B.11;B.44;B.45;B.51;B.62"	
Francisellaceae_Francisella_tularensis_GCF_002100165.1	B.49	"T/N.1;T.1;B.1;B.2;B.3;B.5;B.6;B.10;B.11;B.44;B.45;B.49"	
Francisellaceae_Francisella_tularensis_GCF_002100175.1	B.60	"T/N.1;T.1;B.1;B.2;B.3;B.5;B.6;B.10;B.11;B.44;B.45;B.50;B.60"	
Francisellaceae_Francisella_tularensis_GCF_002100185.1	B.61	"T/N.1;T.1;B.1;B.2;B.3;B.5;B.6;B.10;B.11;B.44;B.45;B.50;B.61"	
Francisellaceae_Francisella_tularensis_GCF_002100195.1	B.63	"T/N.1;T.1;B.1;B.2;B.3;B.5;B.6;B.10;B.11;B.44;B.228;B.46;B.47;B.63"	
Francisellaceae_Francisella_tularensis_GCF_002100255.1	B.11	"T/N.1;T.1;B.1;B.2;B.3;B.5;B.6;B.10;B.11"	
Francisellaceae_Francisella_tularensis_GCF_002100275.1	B.109	"T/N.1;T.1;B.1;B.2;B.3;B.5;B.6;B.10;B.11;B.44;B.45;B.50;B.61;B.109"	
Francisellaceae_Francisella_tularensis_GCF_002100325.1	B.49	"T/N.1;T.1;B.1;B.2;B.3;B.5;B.6;B.10;B.11;B.44;B.45;B.49"	
Francisellaceae_Francisella_tularensis_GCF_002100365.1	B.64	"T/N.1;T.1;B.1;B.2;B.3;B.5;B.6;B.10;B.11;B.44;B.228;B.46;B.47;B.64"	
Francisellaceae_Francisella_tularensis_GCF_002100405.1	B.86	"T/N.1;T.1;B.1;B.2;B.3;B.5;B.6;B.10;B.11;B.82;B.83;B.84;B.85;B.86"	
Francisellaceae_Francisella_tularensis_GCF_002100415.1	B.53	"T/N.1;T.1;B.1;B.2;B.3;B.5;B.6;B.10;B.11;B.44;B.45;B.53"	
Francisellaceae_Francisella_tularensis_GCF_002100445.1	B.295	"T/N.1;T.1;B.1;B.2;B.3;B.5;B.6;B.10;B.11;B.44;B.45;B.54;B.295"	
Francisellaceae_Francisella_tularensis_GCF_002100455.1	B.287	"T/N.1;T.1;B.1;B.2;B.3;B.5;B.6;B.10;B.11;B.44;B.45;B.50;B.61;B.285;B.287"	
Francisellaceae_Francisella_tularensis_GCF_002100485.1	B.291	"T/N.1;T.1;B.1;B.2;B.3;B.5;B.6;B.10;B.11;B.44;B.45;B.52;B.290;B.291"	
Francisellaceae_Francisella_tularensis_GCF_002100525.1	B.107	"T/N.1;T.1;B.1;B.2;B.3;B.5;B.6;B.10;B.11;B.44;B.45;B.262;B.48;B.56;B.107"	
Francisellaceae_Francisella_tularensis_GCF_002100535.1	B.56	"T/N.1;T.1;B.1;B.2;B.3;B.5;B.6;B.10;B.11;B.44;B.45;B.262;B.48;B.56"	
Francisellaceae_Francisella_tularensis_GCF_002100565.1	B.107	"T/N.1;T.1;B.1;B.2;B.3;B.5;B.6;B.10;B.11;B.44;B.45;B.262;B.48;B.56;B.107"	
Francisellaceae_Francisella_tularensis_GCF_002100585.1	B.64	"T/N.1;T.1;B.1;B.2;B.3;B.5;B.6;B.10;B.11;B.44;B.228;B.46;B.47;B.64"	
Francisellaceae_Francisella_tularensis_GCF_002100605.1	B.57	"T/N.1;T.1;B.1;B.2;B.3;B.5;B.6;B.10;B.11;B.44;B.45;B.262;B.48;B.57"	
Francisellaceae_Francisella_tularensis_GCF_002100625.1	B.56	"T/N.1;T.1;B.1;B.2;B.3;B.5;B.6;B.10;B.11;B.44;B.45;B.262;B.48;B.56"	
Francisellaceae_Francisella_tularensis_GCF_002100685.1	B.47	"T/N.1;T.1;B.1;B.2;B.3;B.5;B.6;B.10;B.11;B.44;B.228;B.46;B.47"	
Francisellaceae_Francisella_tularensis_GCF_002100765.1	B.57	"T/N.1;T.1;B.1;B.2;B.3;B.5;B.6;B.10;B.11;B.44;B.45;B.262;B.48;B.57"	
Francisellaceae_Francisella_tularensis_GCF_002100775.1	B.62	"T/N.1;T.1;B.1;B.2;B.3;B.5;B.6;B.10;B.11;B.44;B.45;B.51;B.62"	
Francisellaceae_Francisella_tularensis_GCF_002100785.1	B.291	"T/N.1;T.1;B.1;B.2;B.3;B.5;B.6;B.10;B.11;B.44;B.45;B.52;B.290;B.291"	
Francisellaceae_Francisella_tularensis_GCF_002100795.1	B.56	"T/N.1;T.1;B.1;B.2;B.3;B.5;B.6;B.10;B.11;B.44;B.45;B.262;B.48;B.56"	
Francisellaceae_Francisella_tularensis_GCF_002100845.1	B.48	"T/N.1;T.1;B.1;B.2;B.3;B.5;B.6;B.10;B.11;B.44;B.45;B.262;B.48"	
Francisellaceae_Francisella_tularensis_GCF_002100855.1	B.109	"T/N.1;T.1;B.1;B.2;B.3;B.5;B.6;B.10;B.11;B.44;B.45;B.50;B.61;B.109"	
Francisellaceae_Francisella_tularensis_GCF_002100865.1	B.56	"T/N.1;T.1;B.1;B.2;B.3;B.5;B.6;B.10;B.11;B.44;B.45;B.262;B.48;B.56"	
Francisellaceae_Francisella_tularensis_GCF_002100875.1	B.291	"T/N.1;T.1;B.1;B.2;B.3;B.5;B.6;B.10;B.11;B.44;B.45;B.52;B.290;B.291"	
Francisellaceae_Francisella_tularensis_GCF_002100925.1	B.49	"T/N.1;T.1;B.1;B.2;B.3;B.5;B.6;B.10;B.11;B.44;B.45;B.49"	
Francisellaceae_Francisella_tularensis_GCF_002100935.1	B.264	"T/N.1;T.1;B.1;B.2;B.3;B.5;B.6;B.10;B.11;B.44;B.45;B.49;B.263;B.264"	
Francisellaceae_Francisella_tularensis_GCF_002100945.1	B.49	"T/N.1;T.1;B.1;B.2;B.3;B.5;B.6;B.10;B.11;B.44;B.45;B.49"	
Francisellaceae_Francisella_tularensis_GCF_002100955.1	B.109	"T/N.1;T.1;B.1;B.2;B.3;B.5;B.6;B.10;B.11;B.44;B.45;B.50;B.61;B.109"	
Francisellaceae_Francisella_tularensis_GCF_002101005.1	B.45	"T/N.1;T.1;B.1;B.2;B.3;B.5;B.6;B.10;B.11;B.44;B.45"	
Francisellaceae_Francisella_tularensis_GCF_002101015.1	B.48	"T/N.1;T.1;B.1;B.2;B.3;B.5;B.6;B.10;B.11;B.44;B.45;B.262;B.48"	
Francisellaceae_Francisella_tularensis_GCF_002101035.1	B.291	"T/N.1;T.1;B.1;B.2;B.3;B.5;B.6;B.10;B.11;B.44;B.45;B.52;B.290;B.291"	
Francisellaceae_Francisella_tularensis_GCF_002101045.1	B.90	"T/N.1;T.1;B.1;B.2;B.3;B.5;B.6;B.10;B.11;B.44;B.45;B.90"	
Francisellaceae_Francisella_tularensis_GCF_002101085.1	B.53	"T/N.1;T.1;B.1;B.2;B.3;B.5;B.6;B.10;B.11;B.44;B.45;B.53"	
Francisellaceae_Francisella_tularensis_GCF_002101095.1	B.46	"T/N.1;T.1;B.1;B.2;B.3;B.5;B.6;B.10;B.11;B.44;B.228;B.46"	
Francisellaceae_Francisella_tularensis_GCF_002101105.1	B.51	"T/N.1;T.1;B.1;B.2;B.3;B.5;B.6;B.10;B.11;B.44;B.45;B.51"	
Francisellaceae_Francisella_tularensis_GCF_002101125.1	B.54	"T/N.1;T.1;B.1;B.2;B.3;B.5;B.6;B.10;B.11;B.44;B.45;B.54"	
Francisellaceae_Francisella_tularensis_GCF_002101185.1	B.291	"T/N.1;T.1;B.1;B.2;B.3;B.5;B.6;B.10;B.11;B.44;B.45;B.52;B.290;B.291"	
Francisellaceae_Francisella_tularensis_GCF_002102465.1	B.71	"T/N.1;T.1;B.1;B.2;B.3;B.5;B.12;B.71"	
Francisellaceae_Francisella_tularensis_GCF_002102515.1	B.74	"T/N.1;T.1;B.1;B.2;B.3;B.5;B.12;B.72;B.39;B.74"	
Francisellaceae_Francisella_tularensis_GCF_002857565.1	B.103	"T/N.1;T.1;B.1;B.2;B.3;B.5;B.12;B.72;B.13;B.26;B.42;B.168;B.66;B.33;B.103"	
Francisellaceae_Francisella_tularensis_GCF_002857585.1	B.34	"T/N.1;T.1;B.1;B.2;B.3;B.5;B.12;B.72;B.13;B.26;B.42;B.168;B.66;B.33;B.34"	
Francisellaceae_Francisella_tularensis_GCF_002857605.1	B.88	"T/N.1;T.1;B.1;B.2;B.3;B.5;B.6;B.10;B.11;B.44;B.45;B.87;B.301;B.88"	
Francisellaceae_Francisella_tularensis_GCF_002858105.1	B.34	"T/N.1;T.1;B.1;B.2;B.3;B.5;B.12;B.72;B.13;B.26;B.42;B.168;B.66;B.33;B.34"	
Francisellaceae_Francisella_tularensis_GCF_002858365.1	B.46	"T/N.1;T.1;B.1;B.2;B.3;B.5;B.6;B.10;B.11;B.44;B.228;B.46"	
Francisellaceae_Francisella_tularensis_GCF_002858425.1	B.49	"T/N.1;T.1;B.1;B.2;B.3;B.5;B.6;B.10;B.11;B.44;B.45;B.49"	
Francisellaceae_Francisella_tularensis_GCF_002858435.1	B.86	"T/N.1;T.1;B.1;B.2;B.3;B.5;B.6;B.10;B.11;B.82;B.83;B.84;B.85;B.86"	
Francisellaceae_Francisella_tularensis_GCF_002858465.1	B.307	"T/N.1;T.1;B.1;B.2;B.3;B.5;B.6;B.10;B.11;B.44;B.45;B.89;B.307"	
Francisellaceae_Francisella_tularensis_GCF_002858485.1	B.86	"T/N.1;T.1;B.1;B.2;B.3;B.5;B.6;B.10;B.11;B.82;B.83;B.84;B.85;B.86"	
Francisellaceae_Francisella_tularensis_GCF_003122155.1	B.151	"T/N.1;T.1;B.1;B.2;B.3;B.5;B.6;B.7;B.133;B.81;B.136;B.93;B.151"	
Francisellaceae_Francisella_tularensis_GCF_003612815.1	B.34	"T/N.1;T.1;B.1;B.2;B.3;B.5;B.12;B.72;B.13;B.26;B.42;B.168;B.66;B.33;B.34"	
Francisellaceae_Francisella_tularensis_GCF_003798025.1	A.I.12	"T/N.1;T.1;A/M.1;A.1;A.I.1;A.I.7;A.I.12"	
Francisellaceae_Francisella_tularensis_GCF_003955775.1	NA	"T/N.1;T.1;B.1;B.3;B.4;B.111;B.114;B.128;B.129"	
Francisellaceae_Francisella_tularensis_GCF_003955815.1	B.9	"T/N.1;T.1;B.1;B.2;B.3;B.5;B.6;B.7;B.8;B.9"	
Francisellaceae_Francisella_tularensis_GCF_004296555.1	M.1	"T/N.1;T.1;A/M.1;M.1"	mediasiatica
Francisellaceae_Francisella_tularensis_GCF_009812665.1	B.87	"T/N.1;T.1;B.1;B.2;B.3;B.5;B.6;B.10;B.11;B.44;B.45;B.87"	
Francisellaceae_Francisella_tularensis_GCF_009812695.1	B.45	"T/N.1;T.1;B.1;B.2;B.3;B.5;B.6;B.10;B.11;B.44;B.45"	
Francisellaceae_Francisella_tularensis_GCF_009812715.1	B.59	"T/N.1;T.1;B.1;B.2;B.3;B.5;B.6;B.10;B.11;B.44;B.45;B.50;B.59"	
Francisellaceae_Francisella_tularensis_GCF_009812735.1	B.46	"T/N.1;T.1;B.1;B.2;B.3;B.5;B.6;B.10;B.11;B.44;B.228;B.46"	
Francisellaceae_Francisella_tularensis_GCF_009812745.1	B.255	"T/N.1;T.1;B.1;B.2;B.3;B.5;B.6;B.10;B.11;B.44;B.45;B.101;B.251;B.252;B.255"	
Francisellaceae_Francisella_tularensis_GCF_009812755.1	B.236	"T/N.1;T.1;B.1;B.2;B.3;B.5;B.6;B.10;B.11;B.44;B.45;B.234;B.236"	
Francisellaceae_Francisella_tularensis_GCF_009812765.1	B.308	"T/N.1;T.1;B.1;B.2;B.3;B.5;B.6;B.10;B.11;B.44;B.45;B.89;B.307;B.308"	
Francisellaceae_Francisella_tularensis_GCF_009812815.1	B.49	"T/N.1;T.1;B.1;B.2;B.3;B.5;B.6;B.10;B.11;B.44;B.45;B.49"	
Francisellaceae_Francisella_tularensis_GCF_009812835.1	B.56	"T/N.1;T.1;B.1;B.2;B.3;B.5;B.6;B.10;B.11;B.44;B.45;B.262;B.48;B.56"	
Francisellaceae_Francisella_tularensis_GCF_009812865.1	B.254	"T/N.1;T.1;B.1;B.2;B.3;B.5;B.6;B.10;B.11;B.44;B.45;B.101;B.251;B.252;B.253;B.254"	
Francisellaceae_Francisella_tularensis_GCF_009812875.1	B.293	"T/N.1;T.1;B.1;B.2;B.3;B.5;B.6;B.10;B.11;B.44;B.45;B.54;B.293"	
Francisellaceae_Francisella_tularensis_GCF_009812895.1	B.258	"T/N.1;T.1;B.1;B.2;B.3;B.5;B.6;B.10;B.11;B.44;B.45;B.101;B.251;B.258"	
Francisellaceae_Francisella_tularensis_GCF_009812955.1	B.240	"T/N.1;T.1;B.1;B.2;B.3;B.5;B.6;B.10;B.11;B.44;B.45;B.240"	
Francisellaceae_Francisella_tularensis_GCF_009813005.1	B.294	"T/N.1;T.1;B.1;B.2;B.3;B.5;B.6;B.10;B.11;B.44;B.45;B.54;B.293;B.294"	
Francisellaceae_Francisella_tularensis_GCF_009813035.1	B.294	"T/N.1;T.1;B.1;B.2;B.3;B.5;B.6;B.10;B.11;B.44;B.45;B.54;B.293;B.294"	
Francisellaceae_Francisella_tularensis_GCF_009813055.1	B.87	"T/N.1;T.1;B.1;B.2;B.3;B.5;B.6;B.10;B.11;B.44;B.45;B.87"	
Francisellaceae_Francisella_tularensis_GCF_009813105.1	B.295	"T/N.1;T.1;B.1;B.2;B.3;B.5;B.6;B.10;B.11;B.44;B.45;B.54;B.295"	
Francisellaceae_Francisella_tularensis_GCF_009813135.1	B.50	"T/N.1;T.1;B.1;B.2;B.3;B.5;B.6;B.10;B.11;B.44;B.45;B.50"	
Francisellaceae_Francisella_tularensis_GCF_009813185.1	B.255	"T/N.1;T.1;B.1;B.2;B.3;B.5;B.6;B.10;B.11;B.44;B.45;B.101;B.251;B.252;B.255"	
Francisellaceae_Francisella_tularensis_GCF_009813195.1	B.61	"T/N.1;T.1;B.1;B.2;B.3;B.5;B.6;B.10;B.11;B.44;B.45;B.50;B.61"	
Francisellaceae_Francisella_tularensis_GCF_009813355.1	B.87	"T/N.1;T.1;B.1;B.2;B.3;B.5;B.6;B.10;B.11;B.44;B.45;B.87"	
Francisellaceae_Francisella_tularensis_GCF_009813375.1	B.303	"T/N.1;T.1;B.1;B.2;B.3;B.5;B.6;B.10;B.11;B.44;B.45;B.87;B.303"	
Francisellaceae_Francisella_tularensis_GCF_009813715.1	B.288	"T/N.1;T.1;B.1;B.2;B.3;B.5;B.6;B.10;B.11;B.44;B.45;B.50;B.61;B.285;B.287;B.288"	
Francisellaceae_Francisella_tularensis_GCF_009813765.1	B.45	"T/N.1;T.1;B.1;B.2;B.3;B.5;B.6;B.10;B.11;B.44;B.45"	
Francisellaceae_Francisella_tularensis_GCF_009814145.1	B.241	"T/N.1;T.1;B.1;B.2;B.3;B.5;B.6;B.10;B.11;B.44;B.45;B.240;B.241"	
Francisellaceae_Francisella_tularensis_GCF_009814215.1	B.230	"T/N.1;T.1;B.1;B.2;B.3;B.5;B.6;B.10;B.11;B.44;B.228;B.229;B.230"	
Francisellaceae_Francisella_tularensis_GCF_009814225.1	B.231	"T/N.1;T.1;B.1;B.2;B.3;B.5;B.6;B.10;B.11;B.44;B.45;B.231"	
Francisellaceae_Francisella_tularensis_GCF_009814335.1	B.300	"T/N.1;T.1;B.1;B.2;B.3;B.5;B.6;B.10;B.11;B.44;B.45;B.87;B.300"	
Francisellaceae_Francisella_tularensis_GCF_009815145.1	B.272	"T/N.1;T.1;B.1;B.2;B.3;B.5;B.6;B.10;B.11;B.44;B.45;B.49;B.272"	
Francisellaceae_Francisella_tularensis_GCF_009815235.1	B.267	"T/N.1;T.1;B.1;B.2;B.3;B.5;B.6;B.10;B.11;B.44;B.45;B.49;B.266;B.267"	
Francisellaceae_Francisella_tularensis_GCF_009815455.1	B.34	"T/N.1;T.1;B.1;B.2;B.3;B.5;B.12;B.72;B.13;B.26;B.42;B.168;B.66;B.33;B.34"	
Francisellaceae_Francisella_tularensis_GCF_009815735.1	A.II.4	"T/N.1;T.1;A/M.1;A.1;A.II.1;A.II.2;A.II.3;A.II.4"	
Francisellaceae_Francisella_tularensis_GCF_009815765.1	B.77	"T/N.1;T.1;B.1;B.2;B.3;B.5;B.12;B.72;B.13;B.26;B.23;B.196;B.24;B.77"	
Francisellaceae_Francisella_tularensis_GCF_009815945.1	B.139	"T/N.1;T.1;B.1;B.2;B.3;B.5;B.6;B.7;B.133;B.81;B.135;B.139"	
Francisellaceae_Francisella_tularensis_GCF_009815995.1	B.202	"T/N.1;T.1;B.1;B.2;B.3;B.5;B.12;B.72;B.13;B.26;B.23;B.196;B.65;B.199;B.201;B.202"	
Francisellaceae_Francisella_tularensis_GCF_009816435.1	B.215	"T/N.1;T.1;B.1;B.2;B.3;B.5;B.12;B.72;B.39;B.215"	
Francisellaceae_Francisella_tularensis_GCF_009818875.1	B.45	"T/N.1;T.1;B.1;B.2;B.3;B.5;B.6;B.10;B.11;B.44;B.45"	
Francisellaceae_Francisella_tularensis_GCF_009819235.1	B.89	"T/N.1;T.1;B.1;B.2;B.3;B.5;B.6;B.10;B.11;B.44;B.45;B.89"	
Francisellaceae_Francisella_tularensis_GCF_010077875.1	B.51	"T/N.1;T.1;B.1;B.2;B.3;B.5;B.6;B.10;B.11;B.44;B.45;B.51"	
Francisellaceae_Francisella_tularensis_GCF_010078075.1	B.103	"T/N.1;T.1;B.1;B.2;B.3;B.5;B.12;B.72;B.13;B.26;B.42;B.168;B.66;B.33;B.103"	
Francisellaceae_Francisella_tularensis_GCF_010078165.1	B.103	"T/N.1;T.1;B.1;B.2;B.3;B.5;B.12;B.72;B.13;B.26;B.42;B.168;B.66;B.33;B.103"	
Francisellaceae_Francisella_tularensis_GCF_010232785.1	B.112	"T/N.1;T.1;B.1;B.2;B.3;B.4;B.112"	
Francisellaceae_Francisella_tularensis_GCF_010233165.1	B.7	"T/N.1;T.1;B.1;B.2;B.3;B.5;B.6;B.7"	
Francisellaceae_Francisella_tularensis_GCF_010233385.1	B.66	"T/N.1;T.1;B.1;B.2;B.3;B.5;B.12;B.72;B.13;B.26;B.42;B.168;B.66"	
Francisellaceae_Francisella_tularensis_GCF_013370485.1	M.1	"T/N.1;T.1;A/M.1;M.1"	mediasiatica
Francisellaceae_Francisella_tularensis_GCF_014672895.1	B.128	"T/N.1;T.1;B.1;B.2;B.3;B.4;B.111;B.114;B.128"	
Francisellaceae_Francisella_tularensis_GCF_014905885.1	B.219	"T/N.1;T.1;B.1;B.16;B.218;B.219"	
Francisellaceae_Francisella_tularensis_GCF_014905905.1	B.219	"T/N.1;T.1;B.1;B.16;B.218;B.219"	
Francisellaceae_Francisella_tularensis_GCF_015572075.1	B.108	"T/N.1;T.1;B.1;B.2;B.3;B.5;B.6;B.10;B.11;B.44;B.45;B.262;B.48;B.108"	
Francisellaceae_Francisella_tularensis_GCF_015572085.1	B.108	"T/N.1;T.1;B.1;B.2;B.3;B.5;B.6;B.10;B.11;B.44;B.45;B.262;B.48;B.108"	
Francisellaceae_Francisella_tularensis_GCF_015572115.1	B.108	"T/N.1;T.1;B.1;B.2;B.3;B.5;B.6;B.10;B.11;B.44;B.45;B.262;B.48;B.108"	
Francisellaceae_Francisella_tularensis_GCF_015572125.1	B.283	"T/N.1;T.1;B.1;B.2;B.3;B.5;B.6;B.10;B.11;B.44;B.45;B.50;B.61;B.283"	
Francisellaceae_Francisella_tularensis_GCF_015572175.1	B.110	"T/N.1;T.1;B.1;B.2;B.3;B.5;B.6;B.10;B.11;B.44;B.45;B.51;B.62;B.110"	
Francisellaceae_Francisella_tularensis_GCF_015572185.1	B.108	"T/N.1;T.1;B.1;B.2;B.3;B.5;B.6;B.10;B.11;B.44;B.45;B.262;B.48;B.108"	
Francisellaceae_Francisella_tularensis_GCF_015572235.1	B.110	"T/N.1;T.1;B.1;B.2;B.3;B.5;B.6;B.10;B.11;B.44;B.45;B.51;B.62;B.110"	
Francisellaceae_Francisella_tularensis_GCF_015572275.1	B.110	"T/N.1;T.1;B.1;B.2;B.3;B.5;B.6;B.10;B.11;B.44;B.45;B.51;B.62;B.110"	
Francisellaceae_Francisella_tularensis_GCF_015666675.2	B.34	"T/N.1;T.1;B.1;B.2;B.3;B.5;B.12;B.72;B.13;B.26;B.42;B.168;B.66;B.33;B.34"	
Francisellaceae_Francisella_tularensis_GCF_015666695.2	B.76	"T/N.1;T.1;B.1;B.2;B.3;B.5;B.12;B.72;B.13;B.26;B.42;B.79;B.76"	
Francisellaceae_Francisella_tularensis_GCF_015666705.1	B.76	"T/N.1;T.1;B.1;B.2;B.3;B.5;B.12;B.72;B.13;B.26;B.42;B.79;B.76"	
Francisellaceae_Francisella_tularensis_GCF_015666755.2	B.77	"T/N.1;T.1;B.1;B.2;B.3;B.5;B.12;B.72;B.13;B.26;B.23;B.196;B.24;B.77"	
Francisellaceae_Francisella_tularensis_GCF_015666765.2	B.77	"T/N.1;T.1;B.1;B.2;B.3;B.5;B.12;B.72;B.13;B.26;B.23;B.196;B.24;B.77"	
Francisellaceae_Francisella_tularensis_GCF_015666775.2	B.77	"T/N.1;T.1;B.1;B.2;B.3;B.5;B.12;B.72;B.13;B.26;B.23;B.196;B.24;B.77"	
Francisellaceae_Francisella_tularensis_GCF_015666815.2	B.174	"T/N.1;T.1;B.1;B.2;B.3;B.5;B.12;B.72;B.13;B.26;B.42;B.168;B.66;B.33;B.34;B.174"	
Francisellaceae_Francisella_tularensis_GCF_015666855.2	B.77	"T/N.1;T.1;B.1;B.2;B.3;B.5;B.12;B.72;B.13;B.26;B.23;B.196;B.24;B.77"	
Francisellaceae_Francisella_tularensis_GCF_015666865.2	B.34	"T/N.1;T.1;B.1;B.2;B.3;B.5;B.12;B.72;B.13;B.26;B.42;B.168;B.66;B.33;B.34"	
Francisellaceae_Francisella_tularensis_GCF_015666895.2	B.34	"T/N.1;T.1;B.1;B.2;B.3;B.5;B.12;B.72;B.13;B.26;B.42;B.168;B.66;B.33;B.34"	
Francisellaceae_Francisella_tularensis_GCF_015686415.1	B.108	"T/N.1;T.1;B.1;B.2;B.3;B.5;B.6;B.10;B.11;B.44;B.45;B.262;B.48;B.108"	
Francisellaceae_Francisella_tularensis_GCF_015686425.1	B.49	"T/N.1;T.1;B.1;B.2;B.3;B.5;B.6;B.10;B.11;B.44;B.45;B.49"	
Francisellaceae_Francisella_tularensis_GCF_015686445.1	B.108	"T/N.1;T.1;B.1;B.2;B.3;B.5;B.6;B.10;B.11;B.44;B.45;B.262;B.48;B.108"	
Francisellaceae_Francisella_tularensis_GCF_015686515.1	B.56	"T/N.1;T.1;B.1;B.2;B.3;B.5;B.6;B.10;B.11;B.44;B.45;B.262;B.48;B.56"	
Francisellaceae_Francisella_tularensis_GCF_015686555.1	B.56	"T/N.1;T.1;B.1;B.2;B.3;B.5;B.6;B.10;B.11;B.44;B.45;B.262;B.48;B.56"	
Francisellaceae_Francisella_tularensis_GCF_015686565.1	B.315	"T/N.1;T.1;B.1;B.2;B.3;B.5;B.6;B.10;B.11;B.44;B.45;B.51;B.62;B.110;B.315"	
Francisellaceae_Francisella_tularensis_GCF_015686575.1	B.108	"T/N.1;T.1;B.1;B.2;B.3;B.5;B.6;B.10;B.11;B.44;B.45;B.262;B.48;B.108"	
Francisellaceae_Francisella_tularensis_GCF_016600345.1	A.II.8	"T/N.1;T.1;A/M.1;A.1;A.II.1;A.II.8"	
Francisellaceae_Francisella_tularensis_GCF_016600515.1	A.II.4	"T/N.1;T.1;A/M.1;A.1;A.II.1;A.II.2;A.II.3;A.II.4"	
Francisellaceae_Francisella_tularensis_GCF_016600525.1	A.II.4	"T/N.1;T.1;A/M.1;A.1;A.II.1;A.II.2;A.II.3;A.II.4"	
Francisellaceae_Francisella_tularensis_GCF_016600545.1	A.I.10	"T/N.1;T.1;A/M.1;A.1;A.I.1;A.I.7;A.I.8;A.I.10"	
Francisellaceae_Francisella_tularensis_GCF_016600575.1	A.II.4	"T/N.1;T.1;A/M.1;A.1;A.II.1;A.II.2;A.II.3;A.II.4"	
Francisellaceae_Francisella_tularensis_GCF_016600965.1	A.II.8	"T/N.1;T.1;A/M.1;A.1;A.II.1;A.II.8"	
Francisellaceae_Francisella_tularensis_GCF_016600975.1	A.II.6	"T/N.1;T.1;A/M.1;A.1;A.II.1;A.II.2;A.II.6"	
Francisellaceae_Francisella_tularensis_GCF_016600985.1	A.II.3	"T/N.1;T.1;A/M.1;A.1;A.II.1;A.II.2;A.II.3"	
Francisellaceae_Francisella_tularensis_GCF_016601115.1	A.II.6	"T/N.1;T.1;A/M.1;A.1;A.II.1;A.II.2;A.II.6"	
Francisellaceae_Francisella_tularensis_GCF_016601305.1	A.II.6	"T/N.1;T.1;A/M.1;A.1;A.II.1;A.II.2;A.II.6"	
Francisellaceae_Francisella_tularensis_GCF_016601365.1	NA	"T/N.1;T.1;B.1;B.2;B.3;B.5;B.12;B.13;B.26;B.42;B.168;B.66;B.190"	
Francisellaceae_Francisella_tularensis_GCF_016601415.1	B.70	"T/N.1;T.1;B.1;B.2;B.3;B.5;B.6;B.10;B.70"	
Francisellaceae_Francisella_tularensis_GCF_016601485.1	B.70	"T/N.1;T.1;B.1;B.2;B.3;B.5;B.6;B.10;B.70"	
Francisellaceae_Francisella_tularensis_GCF_016601545.1	B.70	"T/N.1;T.1;B.1;B.2;B.3;B.5;B.6;B.10;B.70"	
Francisellaceae_Francisella_tularensis_GCF_016601575.1	B.70	"T/N.1;T.1;B.1;B.2;B.3;B.5;B.6;B.10;B.70"	
Francisellaceae_Francisella_tularensis_GCF_016601595.1	B.70	"T/N.1;T.1;B.1;B.2;B.3;B.5;B.6;B.10;B.70"	
Francisellaceae_Francisella_tularensis_GCF_016601615.1	B.70	"T/N.1;T.1;B.1;B.2;B.3;B.5;B.6;B.10;B.70"	
Francisellaceae_Francisella_tularensis_GCF_016602085.1	B.102	"T/N.1;T.1;B.1;B.2;B.3;B.4;B.112;B.130;B.102"	
Francisellaceae_Francisella_tularensis_GCF_016602275.1	B.192	"T/N.1;T.1;B.1;B.2;B.3;B.5;B.12;B.72;B.13;B.26;B.42;B.168;B.66;B.190;B.100;B.192"	
Francisellaceae_Francisella_tularensis_GCF_016602595.1	B.160	"T/N.1;T.1;B.1;B.2;B.159;B.160"	
Francisellaceae_Francisella_tularensis_GCF_016602745.1	B.163	"T/N.1;T.1;B.1;B.2;B.3;B.5;B.6;B.7;B.8;B.162;B.163"	
Francisellaceae_Francisella_tularensis_GCF_016602755.1	B.71	"T/N.1;T.1;B.1;B.2;B.3;B.5;B.12;B.71"	
Francisellaceae_Francisella_tularensis_GCF_016602765.1	B.293	"T/N.1;T.1;B.1;B.2;B.3;B.5;B.6;B.10;B.11;B.44;B.45;B.54;B.293"	
Francisellaceae_Francisella_tularensis_GCF_016602785.1	B.58	"T/N.1;T.1;B.1;B.2;B.3;B.5;B.6;B.10;B.11;B.44;B.45;B.49;B.58"	
Francisellaceae_Francisella_tularensis_GCF_016602795.1	NA	"T/N.1;T.1;B.1;B.2;B.3;B.4;B.111;B.6;B.10;B.116;B.124;B.125"	
Francisellaceae_Francisella_tularensis_GCF_016602915.1	B.303	"T/N.1;T.1;B.1;B.2;B.3;B.5;B.6;B.10;B.11;B.44;B.45;B.87;B.303"	
Francisellaceae_Francisella_tularensis_GCF_016603015.1	B.128	"T/N.1;T.1;B.1;B.2;B.3;B.4;B.111;B.114;B.128"	
Francisellaceae_Francisella_tularensis_GCF_016603095.1	B.129	"T/N.1;T.1;B.1;B.2;B.3;B.4;B.111;B.114;B.128;B.129"	
Francisellaceae_Francisella_tularensis_GCF_016604555.1	B.35	"T/N.1;T.1;A/M.1;A.1;A.II.1;A.II.8;B.35"	
Francisellaceae_Francisella_tularensis_GCF_016604585.1	A.II.4	"T/N.1;T.1;A/M.1;A.1;A.II.1;A.II.2;A.II.3;A.II.4"	
Francisellaceae_Francisella_tularensis_GCF_016604735.1	A.II.4	"T/N.1;T.1;A/M.1;A.1;A.II.1;A.II.2;A.II.3;A.II.4"	
Francisellaceae_Francisella_tularensis_GCF_016604985.1	M.1	"T/N.1;T.1;A/M.1;M.1"	mediasiatica
Francisellaceae_Francisella_tularensis_GCF_016605475.1	A.II.8	"T/N.1;T.1;A/M.1;A.1;A.II.1;A.II.8"	
Francisellaceae_Francisella_tularensis_GCF_016605565.1	A.II.3	"T/N.1;T.1;A/M.1;A.1;A.II.1;A.II.2;A.II.3"	
Francisellaceae_Francisella_tularensis_GCF_016605575.1	A.I.13	"T/N.1;T.1;A/M.1;A.1;A.I.1;A.I.7;A.I.12;A.I.2;A.I.13"	
Francisellaceae_Francisella_tularensis_GCF_016605695.1	A.I.9	"T/N.1;T.1;A/M.1;A.1;A.I.1;A.I.7;A.I.8;A.I.9"	
Francisellaceae_Francisella_tularensis_GCF_017089025.1	B.66	"T/N.1;T.1;B.1;B.2;B.3;B.5;B.12;B.72;B.13;B.26;B.42;B.168;B.66"	
Francisellaceae_Francisella_tularensis_GCF_017089055.1	B.4	"T/N.1;T.1;B.1;B.2;B.3;B.4"	
Francisellaceae_Francisella_tularensis_GCF_017089215.1	B.195	"T/N.1;T.1;B.1;B.2;B.3;B.5;B.12;B.72;B.13;B.26;B.23;B.195"	
Francisellaceae_Francisella_tularensis_GCF_017089235.1	B.26	"T/N.1;T.1;B.1;B.2;B.3;B.5;B.12;B.72;B.26"	
Francisellaceae_Francisella_tularensis_GCF_017089425.1	B.195	"T/N.1;T.1;B.1;B.2;B.3;B.5;B.12;B.72;B.13;B.26;B.23;B.195"	
Francisellaceae_Francisella_tularensis_GCF_017089505.1	B.191	"T/N.1;T.1;B.1;B.2;B.3;B.5;B.12;B.72;B.13;B.26;B.42;B.168;B.66;B.190;B.191"	
Francisellaceae_Francisella_tularensis_GCF_017089515.1	B.190	"T/N.1;T.1;B.1;B.2;B.3;B.5;B.12;B.72;B.13;B.26;B.42;B.168;B.66;B.190"	
Francisellaceae_Francisella_tularensis_GCF_017089745.1	NA	"T/N.1;T.1;B.1;B.2;B.3;B.5;B.12;B.72;B.13;B.26;B.42;B.79;B.30"	
Francisellaceae_Francisella_tularensis_GCF_019134755.1	A.I.14	"T/N.1;T.1;A/M.1;A.1;A.I.1;A.I.7;A.I.12;A.I.2;A.I.14"	
Francisellaceae_Francisella_tularensis_GCF_019134795.1	B.124	"T/N.1;T.1;B.1;B.2;B.3;B.4;B.111;B.113;B.116;B.124"	
Francisellaceae_Francisella_tularensis_GCF_019134815.1	A.II.8	"T/N.1;T.1;A/M.1;A.1;A.II.1;A.II.8"	
Francisellaceae_Francisella_tularensis_GCF_019170545.3	B.226	"T/N.1;T.1;B.1;B.16;B.218;B.220;B.223;B.226"	
Francisellaceae_Francisella_tularensis_GCF_019469525.1	NA	"T/N.1;T.1;B.1;B.3;B.4;B.112;B.130;B.131"	
Francisellaceae_Francisella_tularensis_GCF_019469565.1	A.I.13	"T/N.1;T.1;A/M.1;A.1;A.I.1;A.I.7;A.I.12;A.I.2;A.I.13"	
Francisellaceae_Francisella_tularensis_GCF_021560555.1	B.22	"T/N.1;T.1;B.1;B.2;B.3;B.5;B.12;B.72;B.13;B.26;B.42;B.168;B.21;B.170;B.180;B.22"	
Francisellaceae_Francisella_tularensis_GCF_021560595.1	A.I.10	"T/N.1;T.1;A/M.1;A.1;A.I.1;A.I.7;A.I.8;A.I.10"	
Francisellaceae_Francisella_tularensis_GCF_022500845.1	A.I.14	"T/N.1;T.1;A/M.1;A.1;A.I.1;A.I.7;A.I.12;A.I.2;A.I.14"	
Francisellaceae_Francisella_tularensis_GCF_022500885.1	A.I.11	"T/N.1;T.1;A/M.1;A.1;A.I.1;A.I.7;A.I.8;A.I.10;A.I.11"	
Francisellaceae_Francisella_tularensis_GCF_026427395.1	B.71	"T/N.1;T.1;B.1;B.2;B.3;B.5;B.12;B.71"	
Francisellaceae_Francisella_tularensis_GCF_900491795.1	B.254	"T/N.1;T.1;B.1;B.2;B.3;B.5;B.6;B.10;B.11;B.44;B.45;B.101;B.251;B.252;B.253;B.254"	
Francisellaceae_Francisella_tularensis_GCF_000833165.1	NA	NA	
Francisellaceae_Francisella_tularensis_GCF_000154185.1	NA	NA	
Francisellaceae_Francisella_tularensis_GCF_001880205.1	NA	NA	
Francisellaceae_Francisella_tularensis_GCF_000742085.1	NA	NA	
Francisellaceae_Francisella_tularensis_GCF_000834965.1	NA	NA	
Francisellaceae_Francisella_tularensis_GCF_016604385.1	NA	NA	
Francisellaceae_Francisella_tularensis_GCF_001870885.1	NA	NA	
Francisellaceae_Francisella_tularensis_GCF_016604595.1	NA	NA	
Francisellaceae_Francisella_tularensis_GCF_016604535.1	NA	NA	
Francisellaceae_Francisella_tularensis_GCF_000833375.1	NA	NA	
Francisellaceae_Francisella_tularensis_GCF_016603865.1	NA	NA	
Francisellaceae_Francisella_tularensis_GCF_000155755.1	NA	NA	
Francisellaceae_Francisella_tularensis_GCF_016603795.1	NA	NA	
Francisellaceae_Francisella_tularensis_GCF_009815755.1	NA	NA	
Francisellaceae_Francisella_tularensis_GCF_016603825.1	NA	NA	
Francisellaceae_Francisella_tularensis_GCF_016604325.1	NA	NA	
Francisellaceae_Francisella_tularensis_GCF_001880245.1	NA	NA	
Francisellaceae_Francisella_tularensis_GCF_002952075.1	NA	NA	
